net_name,net,source_url,updated_at_utc
Michigan,1,https://www.ncaa.com/rankings/basketball-men/d1/ncaa-mens-basketball-net-rankings,2026-01-05T05:42:07.790539Z
Arizona,2,https://www.ncaa.com/rankings/basketball-men/d1/ncaa-mens-basketball-net-rankings,2026-01-05T05:42:07.790539Z
Iowa St.,3,https://www.ncaa.com/rankings/basketball-men/d1/ncaa-mens-basketball-net-rankings,2026-01-05T05:42:07.790539Z
Vanderbilt,4,https://www.ncaa.com/rankings/basketball-men/d1/ncaa-mens-basketball-net-rankings,2026-01-05T05:42:07.790539Z
Purdue,5,https://www.ncaa.com/rankings/basketball-men/d1/ncaa-mens-basketball-net-rankings,2026-01-05T05:42:07.790539Z
Gonzaga,6,https://www.ncaa.com/rankings/basketball-men/d1/ncaa-mens-basketball-net-rankings,2026-01-05T05:42:07.790539Z
Duke,7,https://www.ncaa.com/rankings/basketball-men/d1/ncaa-mens-basketball-net-rankings,2026-01-05T05:42:07.790539Z
UConn,8,https://www.ncaa.com/rankings/basketball-men/d1/ncaa-mens-basketball-net-rankings,2026-01-05T05:42:07.790539Z
BYU,9,https://www.ncaa.com/rankings/basketball-men/d1/ncaa-mens-basketball-net-rankings,2026-01-05T05:42:07.790539Z
Illinois,10,https://www.ncaa.com/rankings/basketball-men/d1/ncaa-mens-basketball-net-rankings,2026-01-05T05:42:07.790539Z
Nebraska,11,https://www.ncaa.com/rankings/basketball-men/d1/ncaa-mens-basketball-net-rankings,2026-01-05T05:42:07.790539Z
Alabama,12,https://www.ncaa.com/rankings/basketball-men/d1/ncaa-mens-basketball-net-rankings,2026-01-05T05:42:07.790539Z
Iowa,13,https://www.ncaa.com/rankings/basketball-men/d1/ncaa-mens-basketball-net-rankings,2026-01-05T05:42:07.790539Z
Louisville,14,https://www.ncaa.com/rankings/basketball-men/d1/ncaa-mens-basketball-net-rankings,2026-01-05T05:42:07.790539Z
Houston,15,https://www.ncaa.com/rankings/basketball-men/d1/ncaa-mens-basketball-net-rankings,2026-01-05T05:42:07.790539Z
Michigan St.,16,https://www.ncaa.com/rankings/basketball-men/d1/ncaa-mens-basketball-net-rankings,2026-01-05T05:42:07.790539Z
Villanova,17,https://www.ncaa.com/rankings/basketball-men/d1/ncaa-mens-basketball-net-rankings,2026-01-05T05:42:07.790539Z
Kansas,18,https://www.ncaa.com/rankings/basketball-men/d1/ncaa-mens-basketball-net-rankings,2026-01-05T05:42:07.790539Z
Utah St.,19,https://www.ncaa.com/rankings/basketball-men/d1/ncaa-mens-basketball-net-rankings,2026-01-05T05:42:07.790539Z
Texas Tech,20,https://www.ncaa.com/rankings/basketball-men/d1/ncaa-mens-basketball-net-rankings,2026-01-05T05:42:07.790539Z
Georgia,21,https://www.ncaa.com/rankings/basketball-men/d1/ncaa-mens-basketball-net-rankings,2026-01-05T05:42:07.790539Z
North Carolina,22,https://www.ncaa.com/rankings/basketball-men/d1/ncaa-mens-basketball-net-rankings,2026-01-05T05:42:07.790539Z
SMU,23,https://www.ncaa.com/rankings/basketball-men/d1/ncaa-mens-basketball-net-rankings,2026-01-05T05:42:07.790539Z
Virginia,24,https://www.ncaa.com/rankings/basketball-men/d1/ncaa-mens-basketball-net-rankings,2026-01-05T05:42:07.790539Z
Saint Mary's (CA),25,https://www.ncaa.com/rankings/basketball-men/d1/ncaa-mens-basketball-net-rankings,2026-01-05T05:42:07.790539Z
Tennessee,26,https://www.ncaa.com/rankings/basketball-men/d1/ncaa-mens-basketball-net-rankings,2026-01-05T05:42:07.790539Z
Florida,27,https://www.ncaa.com/rankings/basketball-men/d1/ncaa-mens-basketball-net-rankings,2026-01-05T05:42:07.790539Z
Arkansas,28,https://www.ncaa.com/rankings/basketball-men/d1/ncaa-mens-basketball-net-rankings,2026-01-05T05:42:07.790539Z
Saint Louis,29,https://www.ncaa.com/rankings/basketball-men/d1/ncaa-mens-basketball-net-rankings,2026-01-05T05:42:07.790539Z
UCF,30,https://www.ncaa.com/rankings/basketball-men/d1/ncaa-mens-basketball-net-rankings,2026-01-05T05:42:07.790539Z
Kentucky,31,https://www.ncaa.com/rankings/basketball-men/d1/ncaa-mens-basketball-net-rankings,2026-01-05T05:42:07.790539Z
Indiana,32,https://www.ncaa.com/rankings/basketball-men/d1/ncaa-mens-basketball-net-rankings,2026-01-05T05:42:07.790539Z
St. John's (NY),33,https://www.ncaa.com/rankings/basketball-men/d1/ncaa-mens-basketball-net-rankings,2026-01-05T05:42:07.790539Z
Clemson,34,https://www.ncaa.com/rankings/basketball-men/d1/ncaa-mens-basketball-net-rankings,2026-01-05T05:42:07.790539Z
Auburn,35,https://www.ncaa.com/rankings/basketball-men/d1/ncaa-mens-basketball-net-rankings,2026-01-05T05:42:07.790539Z
Tulsa,36,https://www.ncaa.com/rankings/basketball-men/d1/ncaa-mens-basketball-net-rankings,2026-01-05T05:42:07.790539Z
Miami (FL),37,https://www.ncaa.com/rankings/basketball-men/d1/ncaa-mens-basketball-net-rankings,2026-01-05T05:42:07.790539Z
NC State,38,https://www.ncaa.com/rankings/basketball-men/d1/ncaa-mens-basketball-net-rankings,2026-01-05T05:42:07.790539Z
LSU,39,https://www.ncaa.com/rankings/basketball-men/d1/ncaa-mens-basketball-net-rankings,2026-01-05T05:42:07.790539Z
Southern California,40,https://www.ncaa.com/rankings/basketball-men/d1/ncaa-mens-basketball-net-rankings,2026-01-05T05:42:07.790539Z
Seton Hall,41,https://www.ncaa.com/rankings/basketball-men/d1/ncaa-mens-basketball-net-rankings,2026-01-05T05:42:07.790539Z
UCLA,42,https://www.ncaa.com/rankings/basketball-men/d1/ncaa-mens-basketball-net-rankings,2026-01-05T05:42:07.790539Z
Baylor,43,https://www.ncaa.com/rankings/basketball-men/d1/ncaa-mens-basketball-net-rankings,2026-01-05T05:42:07.790539Z
Ohio St.,44,https://www.ncaa.com/rankings/basketball-men/d1/ncaa-mens-basketball-net-rankings,2026-01-05T05:42:07.790539Z
Boise St.,45,https://www.ncaa.com/rankings/basketball-men/d1/ncaa-mens-basketball-net-rankings,2026-01-05T05:42:07.790539Z
Butler,46,https://www.ncaa.com/rankings/basketball-men/d1/ncaa-mens-basketball-net-rankings,2026-01-05T05:42:07.790539Z
TCU,47,https://www.ncaa.com/rankings/basketball-men/d1/ncaa-mens-basketball-net-rankings,2026-01-05T05:42:07.790539Z
Oklahoma,48,https://www.ncaa.com/rankings/basketball-men/d1/ncaa-mens-basketball-net-rankings,2026-01-05T05:42:07.790539Z
McNeese,49,https://www.ncaa.com/rankings/basketball-men/d1/ncaa-mens-basketball-net-rankings,2026-01-05T05:42:07.790539Z
VCU,50,https://www.ncaa.com/rankings/basketball-men/d1/ncaa-mens-basketball-net-rankings,2026-01-05T05:42:07.790539Z
Akron,51,https://www.ncaa.com/rankings/basketball-men/d1/ncaa-mens-basketball-net-rankings,2026-01-05T05:42:07.790539Z
Creighton,52,https://www.ncaa.com/rankings/basketball-men/d1/ncaa-mens-basketball-net-rankings,2026-01-05T05:42:07.790539Z
Washington,53,https://www.ncaa.com/rankings/basketball-men/d1/ncaa-mens-basketball-net-rankings,2026-01-05T05:42:07.790539Z
New Mexico,54,https://www.ncaa.com/rankings/basketball-men/d1/ncaa-mens-basketball-net-rankings,2026-01-05T05:42:07.790539Z
Texas A&M,55,https://www.ncaa.com/rankings/basketball-men/d1/ncaa-mens-basketball-net-rankings,2026-01-05T05:42:07.790539Z
Illinois St.,56,https://www.ncaa.com/rankings/basketball-men/d1/ncaa-mens-basketball-net-rankings,2026-01-05T05:42:07.790539Z
Virginia Tech,57,https://www.ncaa.com/rankings/basketball-men/d1/ncaa-mens-basketball-net-rankings,2026-01-05T05:42:07.790539Z
California,58,https://www.ncaa.com/rankings/basketball-men/d1/ncaa-mens-basketball-net-rankings,2026-01-05T05:42:07.790539Z
Yale,59,https://www.ncaa.com/rankings/basketball-men/d1/ncaa-mens-basketball-net-rankings,2026-01-05T05:42:07.790539Z
Miami (OH),60,https://www.ncaa.com/rankings/basketball-men/d1/ncaa-mens-basketball-net-rankings,2026-01-05T05:42:07.790539Z
Wake Forest,61,https://www.ncaa.com/rankings/basketball-men/d1/ncaa-mens-basketball-net-rankings,2026-01-05T05:42:07.790539Z
Belmont,62,https://www.ncaa.com/rankings/basketball-men/d1/ncaa-mens-basketball-net-rankings,2026-01-05T05:42:07.790539Z
Wisconsin,63,https://www.ncaa.com/rankings/basketball-men/d1/ncaa-mens-basketball-net-rankings,2026-01-05T05:42:07.790539Z
Kansas St.,64,https://www.ncaa.com/rankings/basketball-men/d1/ncaa-mens-basketball-net-rankings,2026-01-05T05:42:07.790539Z
South Fla.,65,https://www.ncaa.com/rankings/basketball-men/d1/ncaa-mens-basketball-net-rankings,2026-01-05T05:42:07.790539Z
George Washington,66,https://www.ncaa.com/rankings/basketball-men/d1/ncaa-mens-basketball-net-rankings,2026-01-05T05:42:07.790539Z
Nevada,67,https://www.ncaa.com/rankings/basketball-men/d1/ncaa-mens-basketball-net-rankings,2026-01-05T05:42:07.790539Z
Notre Dame,68,https://www.ncaa.com/rankings/basketball-men/d1/ncaa-mens-basketball-net-rankings,2026-01-05T05:42:07.790539Z
San Diego St.,69,https://www.ncaa.com/rankings/basketball-men/d1/ncaa-mens-basketball-net-rankings,2026-01-05T05:42:07.790539Z
Colorado,70,https://www.ncaa.com/rankings/basketball-men/d1/ncaa-mens-basketball-net-rankings,2026-01-05T05:42:07.790539Z
Texas,71,https://www.ncaa.com/rankings/basketball-men/d1/ncaa-mens-basketball-net-rankings,2026-01-05T05:42:07.790539Z
Santa Clara,72,https://www.ncaa.com/rankings/basketball-men/d1/ncaa-mens-basketball-net-rankings,2026-01-05T05:42:07.790539Z
Murray St.,73,https://www.ncaa.com/rankings/basketball-men/d1/ncaa-mens-basketball-net-rankings,2026-01-05T05:42:07.790539Z
UNI,74,https://www.ncaa.com/rankings/basketball-men/d1/ncaa-mens-basketball-net-rankings,2026-01-05T05:42:07.790539Z
Utah Valley,75,https://www.ncaa.com/rankings/basketball-men/d1/ncaa-mens-basketball-net-rankings,2026-01-05T05:42:07.790539Z
Stanford,76,https://www.ncaa.com/rankings/basketball-men/d1/ncaa-mens-basketball-net-rankings,2026-01-05T05:42:07.790539Z
George Mason,77,https://www.ncaa.com/rankings/basketball-men/d1/ncaa-mens-basketball-net-rankings,2026-01-05T05:42:07.790539Z
UC San Diego,78,https://www.ncaa.com/rankings/basketball-men/d1/ncaa-mens-basketball-net-rankings,2026-01-05T05:42:07.790539Z
Colorado St.,79,https://www.ncaa.com/rankings/basketball-men/d1/ncaa-mens-basketball-net-rankings,2026-01-05T05:42:07.790539Z
Oklahoma St.,80,https://www.ncaa.com/rankings/basketball-men/d1/ncaa-mens-basketball-net-rankings,2026-01-05T05:42:07.790539Z
William & Mary,81,https://www.ncaa.com/rankings/basketball-men/d1/ncaa-mens-basketball-net-rankings,2026-01-05T05:42:07.790539Z
Wichita St.,82,https://www.ncaa.com/rankings/basketball-men/d1/ncaa-mens-basketball-net-rankings,2026-01-05T05:42:07.790539Z
Northwestern,83,https://www.ncaa.com/rankings/basketball-men/d1/ncaa-mens-basketball-net-rankings,2026-01-05T05:42:07.790539Z
Missouri,84,https://www.ncaa.com/rankings/basketball-men/d1/ncaa-mens-basketball-net-rankings,2026-01-05T05:42:07.790539Z
Providence,85,https://www.ncaa.com/rankings/basketball-men/d1/ncaa-mens-basketball-net-rankings,2026-01-05T05:42:07.790539Z
Arizona St.,86,https://www.ncaa.com/rankings/basketball-men/d1/ncaa-mens-basketball-net-rankings,2026-01-05T05:42:07.790539Z
Hawaii,87,https://www.ncaa.com/rankings/basketball-men/d1/ncaa-mens-basketball-net-rankings,2026-01-05T05:42:07.790539Z
Hofstra,88,https://www.ncaa.com/rankings/basketball-men/d1/ncaa-mens-basketball-net-rankings,2026-01-05T05:42:07.790539Z
Oregon,89,https://www.ncaa.com/rankings/basketball-men/d1/ncaa-mens-basketball-net-rankings,2026-01-05T05:42:07.790539Z
Dayton,90,https://www.ncaa.com/rankings/basketball-men/d1/ncaa-mens-basketball-net-rankings,2026-01-05T05:42:07.790539Z
West Virginia,91,https://www.ncaa.com/rankings/basketball-men/d1/ncaa-mens-basketball-net-rankings,2026-01-05T05:42:07.790539Z
High Point,92,https://www.ncaa.com/rankings/basketball-men/d1/ncaa-mens-basketball-net-rankings,2026-01-05T05:42:07.790539Z
Syracuse,93,https://www.ncaa.com/rankings/basketball-men/d1/ncaa-mens-basketball-net-rankings,2026-01-05T05:42:07.790539Z
Minnesota,94,https://www.ncaa.com/rankings/basketball-men/d1/ncaa-mens-basketball-net-rankings,2026-01-05T05:42:07.790539Z
Cincinnati,95,https://www.ncaa.com/rankings/basketball-men/d1/ncaa-mens-basketball-net-rankings,2026-01-05T05:42:07.790539Z
Mississippi St.,96,https://www.ncaa.com/rankings/basketball-men/d1/ncaa-mens-basketball-net-rankings,2026-01-05T05:42:07.790539Z
Fla. Atlantic,97,https://www.ncaa.com/rankings/basketball-men/d1/ncaa-mens-basketball-net-rankings,2026-01-05T05:42:07.790539Z
Bowling Green,98,https://www.ncaa.com/rankings/basketball-men/d1/ncaa-mens-basketball-net-rankings,2026-01-05T05:42:07.790539Z
Wyoming,99,https://www.ncaa.com/rankings/basketball-men/d1/ncaa-mens-basketball-net-rankings,2026-01-05T05:42:07.790539Z
SFA,100,https://www.ncaa.com/rankings/basketball-men/d1/ncaa-mens-basketball-net-rankings,2026-01-05T05:42:07.790539Z
Ole Miss,101,https://www.ncaa.com/rankings/basketball-men/d1/ncaa-mens-basketball-net-rankings,2026-01-05T05:42:07.790539Z
Middle Tenn.,102,https://www.ncaa.com/rankings/basketball-men/d1/ncaa-mens-basketball-net-rankings,2026-01-05T05:42:07.790539Z
St. Bonaventure,103,https://www.ncaa.com/rankings/basketball-men/d1/ncaa-mens-basketball-net-rankings,2026-01-05T05:42:07.790539Z
Memphis,104,https://www.ncaa.com/rankings/basketball-men/d1/ncaa-mens-basketball-net-rankings,2026-01-05T05:42:07.790539Z
Seattle U,105,https://www.ncaa.com/rankings/basketball-men/d1/ncaa-mens-basketball-net-rankings,2026-01-05T05:42:07.790539Z
Sam Houston,106,https://www.ncaa.com/rankings/basketball-men/d1/ncaa-mens-basketball-net-rankings,2026-01-05T05:42:07.790539Z
Columbia,107,https://www.ncaa.com/rankings/basketball-men/d1/ncaa-mens-basketball-net-rankings,2026-01-05T05:42:07.790539Z
Liberty,108,https://www.ncaa.com/rankings/basketball-men/d1/ncaa-mens-basketball-net-rankings,2026-01-05T05:42:07.790539Z
South Carolina,109,https://www.ncaa.com/rankings/basketball-men/d1/ncaa-mens-basketball-net-rankings,2026-01-05T05:42:07.790539Z
San Francisco,110,https://www.ncaa.com/rankings/basketball-men/d1/ncaa-mens-basketball-net-rankings,2026-01-05T05:42:07.790539Z
Pacific,111,https://www.ncaa.com/rankings/basketball-men/d1/ncaa-mens-basketball-net-rankings,2026-01-05T05:42:07.790539Z
Pittsburgh,112,https://www.ncaa.com/rankings/basketball-men/d1/ncaa-mens-basketball-net-rankings,2026-01-05T05:42:07.790539Z
Florida St.,113,https://www.ncaa.com/rankings/basketball-men/d1/ncaa-mens-basketball-net-rankings,2026-01-05T05:42:07.790539Z
St. Thomas (MN),114,https://www.ncaa.com/rankings/basketball-men/d1/ncaa-mens-basketball-net-rankings,2026-01-05T05:42:07.790539Z
Grand Canyon,115,https://www.ncaa.com/rankings/basketball-men/d1/ncaa-mens-basketball-net-rankings,2026-01-05T05:42:07.790539Z
UNCW,116,https://www.ncaa.com/rankings/basketball-men/d1/ncaa-mens-basketball-net-rankings,2026-01-05T05:42:07.790539Z
Bradley,117,https://www.ncaa.com/rankings/basketball-men/d1/ncaa-mens-basketball-net-rankings,2026-01-05T05:42:07.790539Z
UAB,118,https://www.ncaa.com/rankings/basketball-men/d1/ncaa-mens-basketball-net-rankings,2026-01-05T05:42:07.790539Z
Xavier,119,https://www.ncaa.com/rankings/basketball-men/d1/ncaa-mens-basketball-net-rankings,2026-01-05T05:42:07.790539Z
California Baptist,120,https://www.ncaa.com/rankings/basketball-men/d1/ncaa-mens-basketball-net-rankings,2026-01-05T05:42:07.790539Z
DePaul,121,https://www.ncaa.com/rankings/basketball-men/d1/ncaa-mens-basketball-net-rankings,2026-01-05T05:42:07.790539Z
Troy,122,https://www.ncaa.com/rankings/basketball-men/d1/ncaa-mens-basketball-net-rankings,2026-01-05T05:42:07.790539Z
New Mexico St.,123,https://www.ncaa.com/rankings/basketball-men/d1/ncaa-mens-basketball-net-rankings,2026-01-05T05:42:07.790539Z
ETSU,124,https://www.ncaa.com/rankings/basketball-men/d1/ncaa-mens-basketball-net-rankings,2026-01-05T05:42:07.790539Z
UC Irvine,125,https://www.ncaa.com/rankings/basketball-men/d1/ncaa-mens-basketball-net-rankings,2026-01-05T05:42:07.790539Z
Richmond,126,https://www.ncaa.com/rankings/basketball-men/d1/ncaa-mens-basketball-net-rankings,2026-01-05T05:42:07.790539Z
Wright St.,127,https://www.ncaa.com/rankings/basketball-men/d1/ncaa-mens-basketball-net-rankings,2026-01-05T05:42:07.790539Z
Southern Ill.,128,https://www.ncaa.com/rankings/basketball-men/d1/ncaa-mens-basketball-net-rankings,2026-01-05T05:42:07.790539Z
Davidson,129,https://www.ncaa.com/rankings/basketball-men/d1/ncaa-mens-basketball-net-rankings,2026-01-05T05:42:07.790539Z
Buffalo,130,https://www.ncaa.com/rankings/basketball-men/d1/ncaa-mens-basketball-net-rankings,2026-01-05T05:42:07.790539Z
Penn St.,131,https://www.ncaa.com/rankings/basketball-men/d1/ncaa-mens-basketball-net-rankings,2026-01-05T05:42:07.790539Z
UT Arlington,132,https://www.ncaa.com/rankings/basketball-men/d1/ncaa-mens-basketball-net-rankings,2026-01-05T05:42:07.790539Z
LMU (CA),133,https://www.ncaa.com/rankings/basketball-men/d1/ncaa-mens-basketball-net-rankings,2026-01-05T05:42:07.790539Z
Western Ky.,134,https://www.ncaa.com/rankings/basketball-men/d1/ncaa-mens-basketball-net-rankings,2026-01-05T05:42:07.790539Z
Georgetown,135,https://www.ncaa.com/rankings/basketball-men/d1/ncaa-mens-basketball-net-rankings,2026-01-05T05:42:07.790539Z
Oakland,136,https://www.ncaa.com/rankings/basketball-men/d1/ncaa-mens-basketball-net-rankings,2026-01-05T05:42:07.790539Z
Marshall,137,https://www.ncaa.com/rankings/basketball-men/d1/ncaa-mens-basketball-net-rankings,2026-01-05T05:42:07.790539Z
Montana St.,138,https://www.ncaa.com/rankings/basketball-men/d1/ncaa-mens-basketball-net-rankings,2026-01-05T05:42:07.790539Z
Idaho St.,139,https://www.ncaa.com/rankings/basketball-men/d1/ncaa-mens-basketball-net-rankings,2026-01-05T05:42:07.790539Z
Arkansas St.,140,https://www.ncaa.com/rankings/basketball-men/d1/ncaa-mens-basketball-net-rankings,2026-01-05T05:42:07.790539Z
Tarleton St.,141,https://www.ncaa.com/rankings/basketball-men/d1/ncaa-mens-basketball-net-rankings,2026-01-05T05:42:07.790539Z
Utah,142,https://www.ncaa.com/rankings/basketball-men/d1/ncaa-mens-basketball-net-rankings,2026-01-05T05:42:07.790539Z
Rhode Island,143,https://www.ncaa.com/rankings/basketball-men/d1/ncaa-mens-basketball-net-rankings,2026-01-05T05:42:07.790539Z
Lipscomb,144,https://www.ncaa.com/rankings/basketball-men/d1/ncaa-mens-basketball-net-rankings,2026-01-05T05:42:07.790539Z
Mercer,145,https://www.ncaa.com/rankings/basketball-men/d1/ncaa-mens-basketball-net-rankings,2026-01-05T05:42:07.790539Z
Portland St.,146,https://www.ncaa.com/rankings/basketball-men/d1/ncaa-mens-basketball-net-rankings,2026-01-05T05:42:07.790539Z
Idaho,147,https://www.ncaa.com/rankings/basketball-men/d1/ncaa-mens-basketball-net-rankings,2026-01-05T05:42:07.790539Z
North Dakota St.,148,https://www.ncaa.com/rankings/basketball-men/d1/ncaa-mens-basketball-net-rankings,2026-01-05T05:42:07.790539Z
Georgia Tech,149,https://www.ncaa.com/rankings/basketball-men/d1/ncaa-mens-basketball-net-rankings,2026-01-05T05:42:07.790539Z
Northern Colo.,150,https://www.ncaa.com/rankings/basketball-men/d1/ncaa-mens-basketball-net-rankings,2026-01-05T05:42:07.790539Z
Cornell,151,https://www.ncaa.com/rankings/basketball-men/d1/ncaa-mens-basketball-net-rankings,2026-01-05T05:42:07.790539Z
Elon,152,https://www.ncaa.com/rankings/basketball-men/d1/ncaa-mens-basketball-net-rankings,2026-01-05T05:42:07.790539Z
Quinnipiac,153,https://www.ncaa.com/rankings/basketball-men/d1/ncaa-mens-basketball-net-rankings,2026-01-05T05:42:07.790539Z
Maryland,154,https://www.ncaa.com/rankings/basketball-men/d1/ncaa-mens-basketball-net-rankings,2026-01-05T05:42:07.790539Z
Washington St.,155,https://www.ncaa.com/rankings/basketball-men/d1/ncaa-mens-basketball-net-rankings,2026-01-05T05:42:07.790539Z
Duquesne,156,https://www.ncaa.com/rankings/basketball-men/d1/ncaa-mens-basketball-net-rankings,2026-01-05T05:42:07.790539Z
Kent St.,157,https://www.ncaa.com/rankings/basketball-men/d1/ncaa-mens-basketball-net-rankings,2026-01-05T05:42:07.790539Z
FIU,158,https://www.ncaa.com/rankings/basketball-men/d1/ncaa-mens-basketball-net-rankings,2026-01-05T05:42:07.790539Z
UNLV,159,https://www.ncaa.com/rankings/basketball-men/d1/ncaa-mens-basketball-net-rankings,2026-01-05T05:42:07.790539Z
Temple,160,https://www.ncaa.com/rankings/basketball-men/d1/ncaa-mens-basketball-net-rankings,2026-01-05T05:42:07.790539Z
Kennesaw St.,161,https://www.ncaa.com/rankings/basketball-men/d1/ncaa-mens-basketball-net-rankings,2026-01-05T05:42:07.790539Z
Robert Morris,162,https://www.ncaa.com/rankings/basketball-men/d1/ncaa-mens-basketball-net-rankings,2026-01-05T05:42:07.790539Z
Drake,163,https://www.ncaa.com/rankings/basketball-men/d1/ncaa-mens-basketball-net-rankings,2026-01-05T05:42:07.790539Z
Austin Peay,164,https://www.ncaa.com/rankings/basketball-men/d1/ncaa-mens-basketball-net-rankings,2026-01-05T05:42:07.790539Z
UC Davis,165,https://www.ncaa.com/rankings/basketball-men/d1/ncaa-mens-basketball-net-rankings,2026-01-05T05:42:07.790539Z
Iona,166,https://www.ncaa.com/rankings/basketball-men/d1/ncaa-mens-basketball-net-rankings,2026-01-05T05:42:07.790539Z
Toledo,167,https://www.ncaa.com/rankings/basketball-men/d1/ncaa-mens-basketball-net-rankings,2026-01-05T05:42:07.790539Z
Fresno St.,168,https://www.ncaa.com/rankings/basketball-men/d1/ncaa-mens-basketball-net-rankings,2026-01-05T05:42:07.790539Z
Furman,169,https://www.ncaa.com/rankings/basketball-men/d1/ncaa-mens-basketball-net-rankings,2026-01-05T05:42:07.790539Z
Marist,170,https://www.ncaa.com/rankings/basketball-men/d1/ncaa-mens-basketball-net-rankings,2026-01-05T05:42:07.790539Z
Siena,171,https://www.ncaa.com/rankings/basketball-men/d1/ncaa-mens-basketball-net-rankings,2026-01-05T05:42:07.790539Z
Winthrop,172,https://www.ncaa.com/rankings/basketball-men/d1/ncaa-mens-basketball-net-rankings,2026-01-05T05:42:07.790539Z
North Texas,173,https://www.ncaa.com/rankings/basketball-men/d1/ncaa-mens-basketball-net-rankings,2026-01-05T05:42:07.790539Z
Marquette,174,https://www.ncaa.com/rankings/basketball-men/d1/ncaa-mens-basketball-net-rankings,2026-01-05T05:42:07.790539Z
UC Santa Barbara,175,https://www.ncaa.com/rankings/basketball-men/d1/ncaa-mens-basketball-net-rankings,2026-01-05T05:42:07.790539Z
South Dakota St.,176,https://www.ncaa.com/rankings/basketball-men/d1/ncaa-mens-basketball-net-rankings,2026-01-05T05:42:07.790539Z
Colgate,177,https://www.ncaa.com/rankings/basketball-men/d1/ncaa-mens-basketball-net-rankings,2026-01-05T05:42:07.790539Z
UT Martin,178,https://www.ncaa.com/rankings/basketball-men/d1/ncaa-mens-basketball-net-rankings,2026-01-05T05:42:07.790539Z
Charlotte,179,https://www.ncaa.com/rankings/basketball-men/d1/ncaa-mens-basketball-net-rankings,2026-01-05T05:42:07.790539Z
Col. of Charleston,180,https://www.ncaa.com/rankings/basketball-men/d1/ncaa-mens-basketball-net-rankings,2026-01-05T05:42:07.790539Z
UIW,181,https://www.ncaa.com/rankings/basketball-men/d1/ncaa-mens-basketball-net-rankings,2026-01-05T05:42:07.790539Z
Youngstown St.,182,https://www.ncaa.com/rankings/basketball-men/d1/ncaa-mens-basketball-net-rankings,2026-01-05T05:42:07.790539Z
LIU,183,https://www.ncaa.com/rankings/basketball-men/d1/ncaa-mens-basketball-net-rankings,2026-01-05T05:42:07.790539Z
Weber St.,184,https://www.ncaa.com/rankings/basketball-men/d1/ncaa-mens-basketball-net-rankings,2026-01-05T05:42:07.790539Z
Towson,185,https://www.ncaa.com/rankings/basketball-men/d1/ncaa-mens-basketball-net-rankings,2026-01-05T05:42:07.790539Z
A&M-Corpus Christi,186,https://www.ncaa.com/rankings/basketball-men/d1/ncaa-mens-basketball-net-rankings,2026-01-05T05:42:07.790539Z
Utah Tech,187,https://www.ncaa.com/rankings/basketball-men/d1/ncaa-mens-basketball-net-rankings,2026-01-05T05:42:07.790539Z
Vermont,188,https://www.ncaa.com/rankings/basketball-men/d1/ncaa-mens-basketball-net-rankings,2026-01-05T05:42:07.790539Z
Southern Miss.,189,https://www.ncaa.com/rankings/basketball-men/d1/ncaa-mens-basketball-net-rankings,2026-01-05T05:42:07.790539Z
Boston College,190,https://www.ncaa.com/rankings/basketball-men/d1/ncaa-mens-basketball-net-rankings,2026-01-05T05:42:07.790539Z
Eastern Mich.,191,https://www.ncaa.com/rankings/basketball-men/d1/ncaa-mens-basketball-net-rankings,2026-01-05T05:42:07.790539Z
Massachusetts,192,https://www.ncaa.com/rankings/basketball-men/d1/ncaa-mens-basketball-net-rankings,2026-01-05T05:42:07.790539Z
FGCU,193,https://www.ncaa.com/rankings/basketball-men/d1/ncaa-mens-basketball-net-rankings,2026-01-05T05:42:07.790539Z
Nicholls,194,https://www.ncaa.com/rankings/basketball-men/d1/ncaa-mens-basketball-net-rankings,2026-01-05T05:42:07.790539Z
Milwaukee,195,https://www.ncaa.com/rankings/basketball-men/d1/ncaa-mens-basketball-net-rankings,2026-01-05T05:42:07.790539Z
Ohio,196,https://www.ncaa.com/rankings/basketball-men/d1/ncaa-mens-basketball-net-rankings,2026-01-05T05:42:07.790539Z
Rutgers,197,https://www.ncaa.com/rankings/basketball-men/d1/ncaa-mens-basketball-net-rankings,2026-01-05T05:42:07.790539Z
Harvard,198,https://www.ncaa.com/rankings/basketball-men/d1/ncaa-mens-basketball-net-rankings,2026-01-05T05:42:07.790539Z
South Alabama,199,https://www.ncaa.com/rankings/basketball-men/d1/ncaa-mens-basketball-net-rankings,2026-01-05T05:42:07.790539Z
Indiana St.,200,https://www.ncaa.com/rankings/basketball-men/d1/ncaa-mens-basketball-net-rankings,2026-01-05T05:42:07.790539Z
Lindenwood,201,https://www.ncaa.com/rankings/basketball-men/d1/ncaa-mens-basketball-net-rankings,2026-01-05T05:42:07.790539Z
Fordham,202,https://www.ncaa.com/rankings/basketball-men/d1/ncaa-mens-basketball-net-rankings,2026-01-05T05:42:07.790539Z
Tennessee St.,203,https://www.ncaa.com/rankings/basketball-men/d1/ncaa-mens-basketball-net-rankings,2026-01-05T05:42:07.790539Z
San Diego,204,https://www.ncaa.com/rankings/basketball-men/d1/ncaa-mens-basketball-net-rankings,2026-01-05T05:42:07.790539Z
Ga. Southern,205,https://www.ncaa.com/rankings/basketball-men/d1/ncaa-mens-basketball-net-rankings,2026-01-05T05:42:07.790539Z
Montana,206,https://www.ncaa.com/rankings/basketball-men/d1/ncaa-mens-basketball-net-rankings,2026-01-05T05:42:07.790539Z
Abilene Christian,207,https://www.ncaa.com/rankings/basketball-men/d1/ncaa-mens-basketball-net-rankings,2026-01-05T05:42:07.790539Z
Northern Ky.,208,https://www.ncaa.com/rankings/basketball-men/d1/ncaa-mens-basketball-net-rankings,2026-01-05T05:42:07.790539Z
Navy,209,https://www.ncaa.com/rankings/basketball-men/d1/ncaa-mens-basketball-net-rankings,2026-01-05T05:42:07.790539Z
Charleston So.,210,https://www.ncaa.com/rankings/basketball-men/d1/ncaa-mens-basketball-net-rankings,2026-01-05T05:42:07.790539Z
UTRGV,211,https://www.ncaa.com/rankings/basketball-men/d1/ncaa-mens-basketball-net-rankings,2026-01-05T05:42:07.790539Z
Southeast Mo. St.,212,https://www.ncaa.com/rankings/basketball-men/d1/ncaa-mens-basketball-net-rankings,2026-01-05T05:42:07.790539Z
CSUN,213,https://www.ncaa.com/rankings/basketball-men/d1/ncaa-mens-basketball-net-rankings,2026-01-05T05:42:07.790539Z
Wofford,214,https://www.ncaa.com/rankings/basketball-men/d1/ncaa-mens-basketball-net-rankings,2026-01-05T05:42:07.790539Z
Tulane,215,https://www.ncaa.com/rankings/basketball-men/d1/ncaa-mens-basketball-net-rankings,2026-01-05T05:42:07.790539Z
Penn,216,https://www.ncaa.com/rankings/basketball-men/d1/ncaa-mens-basketball-net-rankings,2026-01-05T05:42:07.790539Z
Monmouth,217,https://www.ncaa.com/rankings/basketball-men/d1/ncaa-mens-basketball-net-rankings,2026-01-05T05:42:07.790539Z
Oregon St.,218,https://www.ncaa.com/rankings/basketball-men/d1/ncaa-mens-basketball-net-rankings,2026-01-05T05:42:07.790539Z
James Madison,219,https://www.ncaa.com/rankings/basketball-men/d1/ncaa-mens-basketball-net-rankings,2026-01-05T05:42:07.790539Z
Missouri St.,220,https://www.ncaa.com/rankings/basketball-men/d1/ncaa-mens-basketball-net-rankings,2026-01-05T05:42:07.790539Z
Central Ark.,221,https://www.ncaa.com/rankings/basketball-men/d1/ncaa-mens-basketball-net-rankings,2026-01-05T05:42:07.790539Z
Campbell,222,https://www.ncaa.com/rankings/basketball-men/d1/ncaa-mens-basketball-net-rankings,2026-01-05T05:42:07.790539Z
Northeastern,223,https://www.ncaa.com/rankings/basketball-men/d1/ncaa-mens-basketball-net-rankings,2026-01-05T05:42:07.790539Z
Valparaiso,224,https://www.ncaa.com/rankings/basketball-men/d1/ncaa-mens-basketball-net-rankings,2026-01-05T05:42:07.790539Z
Cal St. Fullerton,225,https://www.ncaa.com/rankings/basketball-men/d1/ncaa-mens-basketball-net-rankings,2026-01-05T05:42:07.790539Z
Denver,226,https://www.ncaa.com/rankings/basketball-men/d1/ncaa-mens-basketball-net-rankings,2026-01-05T05:42:07.790539Z
Green Bay,227,https://www.ncaa.com/rankings/basketball-men/d1/ncaa-mens-basketball-net-rankings,2026-01-05T05:42:07.790539Z
Wagner,228,https://www.ncaa.com/rankings/basketball-men/d1/ncaa-mens-basketball-net-rankings,2026-01-05T05:42:07.790539Z
Cal Poly,229,https://www.ncaa.com/rankings/basketball-men/d1/ncaa-mens-basketball-net-rankings,2026-01-05T05:42:07.790539Z
New Orleans,230,https://www.ncaa.com/rankings/basketball-men/d1/ncaa-mens-basketball-net-rankings,2026-01-05T05:42:07.790539Z
Grambling,231,https://www.ncaa.com/rankings/basketball-men/d1/ncaa-mens-basketball-net-rankings,2026-01-05T05:42:07.790539Z
UIC,232,https://www.ncaa.com/rankings/basketball-men/d1/ncaa-mens-basketball-net-rankings,2026-01-05T05:42:07.790539Z
Lamar University,233,https://www.ncaa.com/rankings/basketball-men/d1/ncaa-mens-basketball-net-rankings,2026-01-05T05:42:07.790539Z
San Jose St.,234,https://www.ncaa.com/rankings/basketball-men/d1/ncaa-mens-basketball-net-rankings,2026-01-05T05:42:07.790539Z
Queens (NC),235,https://www.ncaa.com/rankings/basketball-men/d1/ncaa-mens-basketball-net-rankings,2026-01-05T05:42:07.790539Z
App State,236,https://www.ncaa.com/rankings/basketball-men/d1/ncaa-mens-basketball-net-rankings,2026-01-05T05:42:07.790539Z
Portland,237,https://www.ncaa.com/rankings/basketball-men/d1/ncaa-mens-basketball-net-rankings,2026-01-05T05:42:07.790539Z
Central Conn. St.,238,https://www.ncaa.com/rankings/basketball-men/d1/ncaa-mens-basketball-net-rankings,2026-01-05T05:42:07.790539Z
Samford,239,https://www.ncaa.com/rankings/basketball-men/d1/ncaa-mens-basketball-net-rankings,2026-01-05T05:42:07.790539Z
American,240,https://www.ncaa.com/rankings/basketball-men/d1/ncaa-mens-basketball-net-rankings,2026-01-05T05:42:07.790539Z
Stony Brook,241,https://www.ncaa.com/rankings/basketball-men/d1/ncaa-mens-basketball-net-rankings,2026-01-05T05:42:07.790539Z
Long Beach St.,242,https://www.ncaa.com/rankings/basketball-men/d1/ncaa-mens-basketball-net-rankings,2026-01-05T05:42:07.790539Z
Jacksonville St.,243,https://www.ncaa.com/rankings/basketball-men/d1/ncaa-mens-basketball-net-rankings,2026-01-05T05:42:07.790539Z
Saint Joseph's,244,https://www.ncaa.com/rankings/basketball-men/d1/ncaa-mens-basketball-net-rankings,2026-01-05T05:42:07.790539Z
Dartmouth,245,https://www.ncaa.com/rankings/basketball-men/d1/ncaa-mens-basketball-net-rankings,2026-01-05T05:42:07.790539Z
Merrimack,246,https://www.ncaa.com/rankings/basketball-men/d1/ncaa-mens-basketball-net-rankings,2026-01-05T05:42:07.790539Z
UNC Asheville,247,https://www.ncaa.com/rankings/basketball-men/d1/ncaa-mens-basketball-net-rankings,2026-01-05T05:42:07.790539Z
Coastal Carolina,248,https://www.ncaa.com/rankings/basketball-men/d1/ncaa-mens-basketball-net-rankings,2026-01-05T05:42:07.790539Z
Purdue Fort Wayne,249,https://www.ncaa.com/rankings/basketball-men/d1/ncaa-mens-basketball-net-rankings,2026-01-05T05:42:07.790539Z
USC Upstate,250,https://www.ncaa.com/rankings/basketball-men/d1/ncaa-mens-basketball-net-rankings,2026-01-05T05:42:07.790539Z
UMBC,251,https://www.ncaa.com/rankings/basketball-men/d1/ncaa-mens-basketball-net-rankings,2026-01-05T05:42:07.790539Z
Hampton,252,https://www.ncaa.com/rankings/basketball-men/d1/ncaa-mens-basketball-net-rankings,2026-01-05T05:42:07.790539Z
Fairfield,253,https://www.ncaa.com/rankings/basketball-men/d1/ncaa-mens-basketball-net-rankings,2026-01-05T05:42:07.790539Z
Louisiana Tech,254,https://www.ncaa.com/rankings/basketball-men/d1/ncaa-mens-basketball-net-rankings,2026-01-05T05:42:07.790539Z
UC Riverside,255,https://www.ncaa.com/rankings/basketball-men/d1/ncaa-mens-basketball-net-rankings,2026-01-05T05:42:07.790539Z
Presbyterian,256,https://www.ncaa.com/rankings/basketball-men/d1/ncaa-mens-basketball-net-rankings,2026-01-05T05:42:07.790539Z
Saint Peter's,257,https://www.ncaa.com/rankings/basketball-men/d1/ncaa-mens-basketball-net-rankings,2026-01-05T05:42:07.790539Z
West Ga.,258,https://www.ncaa.com/rankings/basketball-men/d1/ncaa-mens-basketball-net-rankings,2026-01-05T05:42:07.790539Z
Western Caro.,259,https://www.ncaa.com/rankings/basketball-men/d1/ncaa-mens-basketball-net-rankings,2026-01-05T05:42:07.790539Z
Brown,260,https://www.ncaa.com/rankings/basketball-men/d1/ncaa-mens-basketball-net-rankings,2026-01-05T05:42:07.790539Z
Rice,261,https://www.ncaa.com/rankings/basketball-men/d1/ncaa-mens-basketball-net-rankings,2026-01-05T05:42:07.790539Z
Radford,262,https://www.ncaa.com/rankings/basketball-men/d1/ncaa-mens-basketball-net-rankings,2026-01-05T05:42:07.790539Z
La Salle,263,https://www.ncaa.com/rankings/basketball-men/d1/ncaa-mens-basketball-net-rankings,2026-01-05T05:42:07.790539Z
Evansville,264,https://www.ncaa.com/rankings/basketball-men/d1/ncaa-mens-basketball-net-rankings,2026-01-05T05:42:07.790539Z
Bellarmine,265,https://www.ncaa.com/rankings/basketball-men/d1/ncaa-mens-basketball-net-rankings,2026-01-05T05:42:07.790539Z
Detroit Mercy,266,https://www.ncaa.com/rankings/basketball-men/d1/ncaa-mens-basketball-net-rankings,2026-01-05T05:42:07.790539Z
Howard,267,https://www.ncaa.com/rankings/basketball-men/d1/ncaa-mens-basketball-net-rankings,2026-01-05T05:42:07.790539Z
Pepperdine,268,https://www.ncaa.com/rankings/basketball-men/d1/ncaa-mens-basketball-net-rankings,2026-01-05T05:42:07.790539Z
Eastern Wash.,269,https://www.ncaa.com/rankings/basketball-men/d1/ncaa-mens-basketball-net-rankings,2026-01-05T05:42:07.790539Z
Princeton,270,https://www.ncaa.com/rankings/basketball-men/d1/ncaa-mens-basketball-net-rankings,2026-01-05T05:42:07.790539Z
SIUE,271,https://www.ncaa.com/rankings/basketball-men/d1/ncaa-mens-basketball-net-rankings,2026-01-05T05:42:07.790539Z
Omaha,272,https://www.ncaa.com/rankings/basketball-men/d1/ncaa-mens-basketball-net-rankings,2026-01-05T05:42:07.790539Z
Sacramento St.,273,https://www.ncaa.com/rankings/basketball-men/d1/ncaa-mens-basketball-net-rankings,2026-01-05T05:42:07.790539Z
Old Dominion,274,https://www.ncaa.com/rankings/basketball-men/d1/ncaa-mens-basketball-net-rankings,2026-01-05T05:42:07.790539Z
Texas St.,275,https://www.ncaa.com/rankings/basketball-men/d1/ncaa-mens-basketball-net-rankings,2026-01-05T05:42:07.790539Z
N.C. A&T,276,https://www.ncaa.com/rankings/basketball-men/d1/ncaa-mens-basketball-net-rankings,2026-01-05T05:42:07.790539Z
Eastern Ky.,277,https://www.ncaa.com/rankings/basketball-men/d1/ncaa-mens-basketball-net-rankings,2026-01-05T05:42:07.790539Z
Tennessee Tech,278,https://www.ncaa.com/rankings/basketball-men/d1/ncaa-mens-basketball-net-rankings,2026-01-05T05:42:07.790539Z
South Dakota,279,https://www.ncaa.com/rankings/basketball-men/d1/ncaa-mens-basketball-net-rankings,2026-01-05T05:42:07.790539Z
Le Moyne,280,https://www.ncaa.com/rankings/basketball-men/d1/ncaa-mens-basketball-net-rankings,2026-01-05T05:42:07.790539Z
Northern Ariz.,281,https://www.ncaa.com/rankings/basketball-men/d1/ncaa-mens-basketball-net-rankings,2026-01-05T05:42:07.790539Z
Western Mich.,282,https://www.ncaa.com/rankings/basketball-men/d1/ncaa-mens-basketball-net-rankings,2026-01-05T05:42:07.790539Z
Alabama St.,283,https://www.ncaa.com/rankings/basketball-men/d1/ncaa-mens-basketball-net-rankings,2026-01-05T05:42:07.790539Z
Oral Roberts,284,https://www.ncaa.com/rankings/basketball-men/d1/ncaa-mens-basketball-net-rankings,2026-01-05T05:42:07.790539Z
Morehead St.,285,https://www.ncaa.com/rankings/basketball-men/d1/ncaa-mens-basketball-net-rankings,2026-01-05T05:42:07.790539Z
Georgia St.,286,https://www.ncaa.com/rankings/basketball-men/d1/ncaa-mens-basketball-net-rankings,2026-01-05T05:42:07.790539Z
Houston Christian,287,https://www.ncaa.com/rankings/basketball-men/d1/ncaa-mens-basketball-net-rankings,2026-01-05T05:42:07.790539Z
Ark.-Pine Bluff,288,https://www.ncaa.com/rankings/basketball-men/d1/ncaa-mens-basketball-net-rankings,2026-01-05T05:42:07.790539Z
East Texas A&M,289,https://www.ncaa.com/rankings/basketball-men/d1/ncaa-mens-basketball-net-rankings,2026-01-05T05:42:07.790539Z
Bethune-Cookman,290,https://www.ncaa.com/rankings/basketball-men/d1/ncaa-mens-basketball-net-rankings,2026-01-05T05:42:07.790539Z
Longwood,291,https://www.ncaa.com/rankings/basketball-men/d1/ncaa-mens-basketball-net-rankings,2026-01-05T05:42:07.790539Z
CSU Bakersfield,292,https://www.ncaa.com/rankings/basketball-men/d1/ncaa-mens-basketball-net-rankings,2026-01-05T05:42:07.790539Z
UTEP,293,https://www.ncaa.com/rankings/basketball-men/d1/ncaa-mens-basketball-net-rankings,2026-01-05T05:42:07.790539Z
Prairie View,294,https://www.ncaa.com/rankings/basketball-men/d1/ncaa-mens-basketball-net-rankings,2026-01-05T05:42:07.790539Z
Norfolk St.,295,https://www.ncaa.com/rankings/basketball-men/d1/ncaa-mens-basketball-net-rankings,2026-01-05T05:42:07.790539Z
UNC Greensboro,296,https://www.ncaa.com/rankings/basketball-men/d1/ncaa-mens-basketball-net-rankings,2026-01-05T05:42:07.790539Z
Boston U.,297,https://www.ncaa.com/rankings/basketball-men/d1/ncaa-mens-basketball-net-rankings,2026-01-05T05:42:07.790539Z
Southeastern La.,298,https://www.ncaa.com/rankings/basketball-men/d1/ncaa-mens-basketball-net-rankings,2026-01-05T05:42:07.790539Z
Drexel,299,https://www.ncaa.com/rankings/basketball-men/d1/ncaa-mens-basketball-net-rankings,2026-01-05T05:42:07.790539Z
North Dakota,300,https://www.ncaa.com/rankings/basketball-men/d1/ncaa-mens-basketball-net-rankings,2026-01-05T05:42:07.790539Z
Manhattan,301,https://www.ncaa.com/rankings/basketball-men/d1/ncaa-mens-basketball-net-rankings,2026-01-05T05:42:07.790539Z
Southern U.,302,https://www.ncaa.com/rankings/basketball-men/d1/ncaa-mens-basketball-net-rankings,2026-01-05T05:42:07.790539Z
Alabama A&M,303,https://www.ncaa.com/rankings/basketball-men/d1/ncaa-mens-basketball-net-rankings,2026-01-05T05:42:07.790539Z
Sacred Heart,304,https://www.ncaa.com/rankings/basketball-men/d1/ncaa-mens-basketball-net-rankings,2026-01-05T05:42:07.790539Z
Chattanooga,305,https://www.ncaa.com/rankings/basketball-men/d1/ncaa-mens-basketball-net-rankings,2026-01-05T05:42:07.790539Z
Army West Point,306,https://www.ncaa.com/rankings/basketball-men/d1/ncaa-mens-basketball-net-rankings,2026-01-05T05:42:07.790539Z
Delaware,307,https://www.ncaa.com/rankings/basketball-men/d1/ncaa-mens-basketball-net-rankings,2026-01-05T05:42:07.790539Z
East Carolina,308,https://www.ncaa.com/rankings/basketball-men/d1/ncaa-mens-basketball-net-rankings,2026-01-05T05:42:07.790539Z
Loyola Chicago,309,https://www.ncaa.com/rankings/basketball-men/d1/ncaa-mens-basketball-net-rankings,2026-01-05T05:42:07.790539Z
Eastern Ill.,310,https://www.ncaa.com/rankings/basketball-men/d1/ncaa-mens-basketball-net-rankings,2026-01-05T05:42:07.790539Z
Jacksonville,311,https://www.ncaa.com/rankings/basketball-men/d1/ncaa-mens-basketball-net-rankings,2026-01-05T05:42:07.790539Z
Holy Cross,312,https://www.ncaa.com/rankings/basketball-men/d1/ncaa-mens-basketball-net-rankings,2026-01-05T05:42:07.790539Z
UMass Lowell,313,https://www.ncaa.com/rankings/basketball-men/d1/ncaa-mens-basketball-net-rankings,2026-01-05T05:42:07.790539Z
NIU,314,https://www.ncaa.com/rankings/basketball-men/d1/ncaa-mens-basketball-net-rankings,2026-01-05T05:42:07.790539Z
North Ala.,315,https://www.ncaa.com/rankings/basketball-men/d1/ncaa-mens-basketball-net-rankings,2026-01-05T05:42:07.790539Z
New Haven,316,https://www.ncaa.com/rankings/basketball-men/d1/ncaa-mens-basketball-net-rankings,2026-01-05T05:42:07.790539Z
UTSA,317,https://www.ncaa.com/rankings/basketball-men/d1/ncaa-mens-basketball-net-rankings,2026-01-05T05:42:07.790539Z
Kansas City,318,https://www.ncaa.com/rankings/basketball-men/d1/ncaa-mens-basketball-net-rankings,2026-01-05T05:42:07.790539Z
Air Force,319,https://www.ncaa.com/rankings/basketball-men/d1/ncaa-mens-basketball-net-rankings,2026-01-05T05:42:07.790539Z
Bryant,320,https://www.ncaa.com/rankings/basketball-men/d1/ncaa-mens-basketball-net-rankings,2026-01-05T05:42:07.790539Z
Northwestern St.,321,https://www.ncaa.com/rankings/basketball-men/d1/ncaa-mens-basketball-net-rankings,2026-01-05T05:42:07.790539Z
Bucknell,322,https://www.ncaa.com/rankings/basketball-men/d1/ncaa-mens-basketball-net-rankings,2026-01-05T05:42:07.790539Z
Chicago St.,323,https://www.ncaa.com/rankings/basketball-men/d1/ncaa-mens-basketball-net-rankings,2026-01-05T05:42:07.790539Z
Mount St. Mary's,324,https://www.ncaa.com/rankings/basketball-men/d1/ncaa-mens-basketball-net-rankings,2026-01-05T05:42:07.790539Z
IU Indy,325,https://www.ncaa.com/rankings/basketball-men/d1/ncaa-mens-basketball-net-rankings,2026-01-05T05:42:07.790539Z
UAlbany,326,https://www.ncaa.com/rankings/basketball-men/d1/ncaa-mens-basketball-net-rankings,2026-01-05T05:42:07.790539Z
Mercyhurst,327,https://www.ncaa.com/rankings/basketball-men/d1/ncaa-mens-basketball-net-rankings,2026-01-05T05:42:07.790539Z
Lafayette,328,https://www.ncaa.com/rankings/basketball-men/d1/ncaa-mens-basketball-net-rankings,2026-01-05T05:42:07.790539Z
Little Rock,329,https://www.ncaa.com/rankings/basketball-men/d1/ncaa-mens-basketball-net-rankings,2026-01-05T05:42:07.790539Z
Florida A&M,330,https://www.ncaa.com/rankings/basketball-men/d1/ncaa-mens-basketball-net-rankings,2026-01-05T05:42:07.790539Z
Lehigh,331,https://www.ncaa.com/rankings/basketball-men/d1/ncaa-mens-basketball-net-rankings,2026-01-05T05:42:07.790539Z
Ball St.,332,https://www.ncaa.com/rankings/basketball-men/d1/ncaa-mens-basketball-net-rankings,2026-01-05T05:42:07.790539Z
UMES,333,https://www.ncaa.com/rankings/basketball-men/d1/ncaa-mens-basketball-net-rankings,2026-01-05T05:42:07.790539Z
New Hampshire,334,https://www.ncaa.com/rankings/basketball-men/d1/ncaa-mens-basketball-net-rankings,2026-01-05T05:42:07.790539Z
Canisius,335,https://www.ncaa.com/rankings/basketball-men/d1/ncaa-mens-basketball-net-rankings,2026-01-05T05:42:07.790539Z
Central Mich.,336,https://www.ncaa.com/rankings/basketball-men/d1/ncaa-mens-basketball-net-rankings,2026-01-05T05:42:07.790539Z
Louisiana,337,https://www.ncaa.com/rankings/basketball-men/d1/ncaa-mens-basketball-net-rankings,2026-01-05T05:42:07.790539Z
Southern Ind.,338,https://www.ncaa.com/rankings/basketball-men/d1/ncaa-mens-basketball-net-rankings,2026-01-05T05:42:07.790539Z
Cleveland St.,339,https://www.ncaa.com/rankings/basketball-men/d1/ncaa-mens-basketball-net-rankings,2026-01-05T05:42:07.790539Z
FDU,340,https://www.ncaa.com/rankings/basketball-men/d1/ncaa-mens-basketball-net-rankings,2026-01-05T05:42:07.790539Z
Stetson,341,https://www.ncaa.com/rankings/basketball-men/d1/ncaa-mens-basketball-net-rankings,2026-01-05T05:42:07.790539Z
North Florida,342,https://www.ncaa.com/rankings/basketball-men/d1/ncaa-mens-basketball-net-rankings,2026-01-05T05:42:07.790539Z
Southern Utah,343,https://www.ncaa.com/rankings/basketball-men/d1/ncaa-mens-basketball-net-rankings,2026-01-05T05:42:07.790539Z
VMI,344,https://www.ncaa.com/rankings/basketball-men/d1/ncaa-mens-basketball-net-rankings,2026-01-05T05:42:07.790539Z
NJIT,345,https://www.ncaa.com/rankings/basketball-men/d1/ncaa-mens-basketball-net-rankings,2026-01-05T05:42:07.790539Z
Maine,346,https://www.ncaa.com/rankings/basketball-men/d1/ncaa-mens-basketball-net-rankings,2026-01-05T05:42:07.790539Z
N.C. Central,347,https://www.ncaa.com/rankings/basketball-men/d1/ncaa-mens-basketball-net-rankings,2026-01-05T05:42:07.790539Z
Texas Southern,348,https://www.ncaa.com/rankings/basketball-men/d1/ncaa-mens-basketball-net-rankings,2026-01-05T05:42:07.790539Z
Alcorn,349,https://www.ncaa.com/rankings/basketball-men/d1/ncaa-mens-basketball-net-rankings,2026-01-05T05:42:07.790539Z
Western Ill.,350,https://www.ncaa.com/rankings/basketball-men/d1/ncaa-mens-basketball-net-rankings,2026-01-05T05:42:07.790539Z
Stonehill,351,https://www.ncaa.com/rankings/basketball-men/d1/ncaa-mens-basketball-net-rankings,2026-01-05T05:42:07.790539Z
Niagara,352,https://www.ncaa.com/rankings/basketball-men/d1/ncaa-mens-basketball-net-rankings,2026-01-05T05:42:07.790539Z
ULM,353,https://www.ncaa.com/rankings/basketball-men/d1/ncaa-mens-basketball-net-rankings,2026-01-05T05:42:07.790539Z
Loyola Maryland,354,https://www.ncaa.com/rankings/basketball-men/d1/ncaa-mens-basketball-net-rankings,2026-01-05T05:42:07.790539Z
Jackson St.,355,https://www.ncaa.com/rankings/basketball-men/d1/ncaa-mens-basketball-net-rankings,2026-01-05T05:42:07.790539Z
Delaware St.,356,https://www.ncaa.com/rankings/basketball-men/d1/ncaa-mens-basketball-net-rankings,2026-01-05T05:42:07.790539Z
Rider,357,https://www.ncaa.com/rankings/basketball-men/d1/ncaa-mens-basketball-net-rankings,2026-01-05T05:42:07.790539Z
South Carolina St.,358,https://www.ncaa.com/rankings/basketball-men/d1/ncaa-mens-basketball-net-rankings,2026-01-05T05:42:07.790539Z
Gardner-Webb,359,https://www.ncaa.com/rankings/basketball-men/d1/ncaa-mens-basketball-net-rankings,2026-01-05T05:42:07.790539Z
The Citadel,360,https://www.ncaa.com/rankings/basketball-men/d1/ncaa-mens-basketball-net-rankings,2026-01-05T05:42:07.790539Z
Morgan St.,361,https://www.ncaa.com/rankings/basketball-men/d1/ncaa-mens-basketball-net-rankings,2026-01-05T05:42:07.790539Z
Saint Francis,362,https://www.ncaa.com/rankings/basketball-men/d1/ncaa-mens-basketball-net-rankings,2026-01-05T05:42:07.790539Z
Binghamton,363,https://www.ncaa.com/rankings/basketball-men/d1/ncaa-mens-basketball-net-rankings,2026-01-05T05:42:07.790539Z
Coppin St.,364,https://www.ncaa.com/rankings/basketball-men/d1/ncaa-mens-basketball-net-rankings,2026-01-05T05:42:07.790539Z
Mississippi Val.,365,https://www.ncaa.com/rankings/basketball-men/d1/ncaa-mens-basketball-net-rankings,2026-01-05T05:42:07.790539Z
