sos_name,sos,source_url,updated_at_utc
Texas Tech,1,https://www.warrennolan.com/basketball/2026/sos-rpi-predict,2026-01-05T05:42:11.039387Z
Michigan,2,https://www.warrennolan.com/basketball/2026/sos-rpi-predict,2026-01-05T05:42:11.039387Z
Kansas,3,https://www.warrennolan.com/basketball/2026/sos-rpi-predict,2026-01-05T05:42:11.039387Z
Auburn,4,https://www.warrennolan.com/basketball/2026/sos-rpi-predict,2026-01-05T05:42:11.039387Z
Alabama,5,https://www.warrennolan.com/basketball/2026/sos-rpi-predict,2026-01-05T05:42:11.039387Z
Purdue,6,https://www.warrennolan.com/basketball/2026/sos-rpi-predict,2026-01-05T05:42:11.039387Z
Duke,7,https://www.warrennolan.com/basketball/2026/sos-rpi-predict,2026-01-05T05:42:11.039387Z
Arizona,8,https://www.warrennolan.com/basketball/2026/sos-rpi-predict,2026-01-05T05:42:11.039387Z
Arkansas,9,https://www.warrennolan.com/basketball/2026/sos-rpi-predict,2026-01-05T05:42:11.039387Z
North Carolina State,10,https://www.warrennolan.com/basketball/2026/sos-rpi-predict,2026-01-05T05:42:11.039387Z
BYU,11,https://www.warrennolan.com/basketball/2026/sos-rpi-predict,2026-01-05T05:42:11.039387Z
Illinois,12,https://www.warrennolan.com/basketball/2026/sos-rpi-predict,2026-01-05T05:42:11.039387Z
North Carolina,13,https://www.warrennolan.com/basketball/2026/sos-rpi-predict,2026-01-05T05:42:11.039387Z
Michigan State,14,https://www.warrennolan.com/basketball/2026/sos-rpi-predict,2026-01-05T05:42:11.039387Z
Wake Forest,15,https://www.warrennolan.com/basketball/2026/sos-rpi-predict,2026-01-05T05:42:11.039387Z
Louisville,16,https://www.warrennolan.com/basketball/2026/sos-rpi-predict,2026-01-05T05:42:11.039387Z
Saint John's,17,https://www.warrennolan.com/basketball/2026/sos-rpi-predict,2026-01-05T05:42:11.039387Z
Baylor,18,https://www.warrennolan.com/basketball/2026/sos-rpi-predict,2026-01-05T05:42:11.039387Z
Vanderbilt,19,https://www.warrennolan.com/basketball/2026/sos-rpi-predict,2026-01-05T05:42:11.039387Z
Florida,20,https://www.warrennolan.com/basketball/2026/sos-rpi-predict,2026-01-05T05:42:11.039387Z
Virginia Tech,21,https://www.warrennolan.com/basketball/2026/sos-rpi-predict,2026-01-05T05:42:11.039387Z
Cincinnati,22,https://www.warrennolan.com/basketball/2026/sos-rpi-predict,2026-01-05T05:42:11.039387Z
Kentucky,23,https://www.warrennolan.com/basketball/2026/sos-rpi-predict,2026-01-05T05:42:11.039387Z
San Diego State,24,https://www.warrennolan.com/basketball/2026/sos-rpi-predict,2026-01-05T05:42:11.039387Z
UCF,25,https://www.warrennolan.com/basketball/2026/sos-rpi-predict,2026-01-05T05:42:11.039387Z
Oregon,26,https://www.warrennolan.com/basketball/2026/sos-rpi-predict,2026-01-05T05:42:11.039387Z
Connecticut,27,https://www.warrennolan.com/basketball/2026/sos-rpi-predict,2026-01-05T05:42:11.039387Z
Tennessee,28,https://www.warrennolan.com/basketball/2026/sos-rpi-predict,2026-01-05T05:42:11.039387Z
Boise State,29,https://www.warrennolan.com/basketball/2026/sos-rpi-predict,2026-01-05T05:42:11.039387Z
Indiana,30,https://www.warrennolan.com/basketball/2026/sos-rpi-predict,2026-01-05T05:42:11.039387Z
Houston,31,https://www.warrennolan.com/basketball/2026/sos-rpi-predict,2026-01-05T05:42:11.039387Z
Mississippi State,32,https://www.warrennolan.com/basketball/2026/sos-rpi-predict,2026-01-05T05:42:11.039387Z
Florida State,33,https://www.warrennolan.com/basketball/2026/sos-rpi-predict,2026-01-05T05:42:11.039387Z
SMU,34,https://www.warrennolan.com/basketball/2026/sos-rpi-predict,2026-01-05T05:42:11.039387Z
Arizona State,35,https://www.warrennolan.com/basketball/2026/sos-rpi-predict,2026-01-05T05:42:11.039387Z
Saint Mary's College,36,https://www.warrennolan.com/basketball/2026/sos-rpi-predict,2026-01-05T05:42:11.039387Z
Colorado,37,https://www.warrennolan.com/basketball/2026/sos-rpi-predict,2026-01-05T05:42:11.039387Z
Pittsburgh,38,https://www.warrennolan.com/basketball/2026/sos-rpi-predict,2026-01-05T05:42:11.039387Z
Creighton,39,https://www.warrennolan.com/basketball/2026/sos-rpi-predict,2026-01-05T05:42:11.039387Z
Iowa State,40,https://www.warrennolan.com/basketball/2026/sos-rpi-predict,2026-01-05T05:42:11.039387Z
Ohio State,41,https://www.warrennolan.com/basketball/2026/sos-rpi-predict,2026-01-05T05:42:11.039387Z
Kansas State,42,https://www.warrennolan.com/basketball/2026/sos-rpi-predict,2026-01-05T05:42:11.039387Z
Iowa,43,https://www.warrennolan.com/basketball/2026/sos-rpi-predict,2026-01-05T05:42:11.039387Z
USC,44,https://www.warrennolan.com/basketball/2026/sos-rpi-predict,2026-01-05T05:42:11.039387Z
Memphis,45,https://www.warrennolan.com/basketball/2026/sos-rpi-predict,2026-01-05T05:42:11.039387Z
Wisconsin,46,https://www.warrennolan.com/basketball/2026/sos-rpi-predict,2026-01-05T05:42:11.039387Z
Stanford,47,https://www.warrennolan.com/basketball/2026/sos-rpi-predict,2026-01-05T05:42:11.039387Z
Texas,48,https://www.warrennolan.com/basketball/2026/sos-rpi-predict,2026-01-05T05:42:11.039387Z
Syracuse,49,https://www.warrennolan.com/basketball/2026/sos-rpi-predict,2026-01-05T05:42:11.039387Z
Ole Miss,50,https://www.warrennolan.com/basketball/2026/sos-rpi-predict,2026-01-05T05:42:11.039387Z
Utah State,51,https://www.warrennolan.com/basketball/2026/sos-rpi-predict,2026-01-05T05:42:11.039387Z
Maryland,52,https://www.warrennolan.com/basketball/2026/sos-rpi-predict,2026-01-05T05:42:11.039387Z
Nebraska,53,https://www.warrennolan.com/basketball/2026/sos-rpi-predict,2026-01-05T05:42:11.039387Z
Villanova,54,https://www.warrennolan.com/basketball/2026/sos-rpi-predict,2026-01-05T05:42:11.039387Z
Toledo,55,https://www.warrennolan.com/basketball/2026/sos-rpi-predict,2026-01-05T05:42:11.039387Z
Xavier,56,https://www.warrennolan.com/basketball/2026/sos-rpi-predict,2026-01-05T05:42:11.039387Z
Oklahoma State,57,https://www.warrennolan.com/basketball/2026/sos-rpi-predict,2026-01-05T05:42:11.039387Z
New Mexico,58,https://www.warrennolan.com/basketball/2026/sos-rpi-predict,2026-01-05T05:42:11.039387Z
Marquette,59,https://www.warrennolan.com/basketball/2026/sos-rpi-predict,2026-01-05T05:42:11.039387Z
Northwestern,60,https://www.warrennolan.com/basketball/2026/sos-rpi-predict,2026-01-05T05:42:11.039387Z
Virginia,61,https://www.warrennolan.com/basketball/2026/sos-rpi-predict,2026-01-05T05:42:11.039387Z
Ohio,62,https://www.warrennolan.com/basketball/2026/sos-rpi-predict,2026-01-05T05:42:11.039387Z
South Florida,63,https://www.warrennolan.com/basketball/2026/sos-rpi-predict,2026-01-05T05:42:11.039387Z
TCU,64,https://www.warrennolan.com/basketball/2026/sos-rpi-predict,2026-01-05T05:42:11.039387Z
Utah,65,https://www.warrennolan.com/basketball/2026/sos-rpi-predict,2026-01-05T05:42:11.039387Z
VCU,66,https://www.warrennolan.com/basketball/2026/sos-rpi-predict,2026-01-05T05:42:11.039387Z
Santa Clara,67,https://www.warrennolan.com/basketball/2026/sos-rpi-predict,2026-01-05T05:42:11.039387Z
Seton Hall,68,https://www.warrennolan.com/basketball/2026/sos-rpi-predict,2026-01-05T05:42:11.039387Z
Rutgers,69,https://www.warrennolan.com/basketball/2026/sos-rpi-predict,2026-01-05T05:42:11.039387Z
La Salle,70,https://www.warrennolan.com/basketball/2026/sos-rpi-predict,2026-01-05T05:42:11.039387Z
UNLV,71,https://www.warrennolan.com/basketball/2026/sos-rpi-predict,2026-01-05T05:42:11.039387Z
FAU,72,https://www.warrennolan.com/basketball/2026/sos-rpi-predict,2026-01-05T05:42:11.039387Z
Washington,73,https://www.warrennolan.com/basketball/2026/sos-rpi-predict,2026-01-05T05:42:11.039387Z
UCLA,74,https://www.warrennolan.com/basketball/2026/sos-rpi-predict,2026-01-05T05:42:11.039387Z
Missouri,75,https://www.warrennolan.com/basketball/2026/sos-rpi-predict,2026-01-05T05:42:11.039387Z
Notre Dame,76,https://www.warrennolan.com/basketball/2026/sos-rpi-predict,2026-01-05T05:42:11.039387Z
Saint Bonaventure,77,https://www.warrennolan.com/basketball/2026/sos-rpi-predict,2026-01-05T05:42:11.039387Z
George Washington,78,https://www.warrennolan.com/basketball/2026/sos-rpi-predict,2026-01-05T05:42:11.039387Z
Evansville,79,https://www.warrennolan.com/basketball/2026/sos-rpi-predict,2026-01-05T05:42:11.039387Z
Duquesne,80,https://www.warrennolan.com/basketball/2026/sos-rpi-predict,2026-01-05T05:42:11.039387Z
Dayton,81,https://www.warrennolan.com/basketball/2026/sos-rpi-predict,2026-01-05T05:42:11.039387Z
San Francisco,82,https://www.warrennolan.com/basketball/2026/sos-rpi-predict,2026-01-05T05:42:11.039387Z
Clemson,83,https://www.warrennolan.com/basketball/2026/sos-rpi-predict,2026-01-05T05:42:11.039387Z
Georgia Tech,84,https://www.warrennolan.com/basketball/2026/sos-rpi-predict,2026-01-05T05:42:11.039387Z
Boston College,85,https://www.warrennolan.com/basketball/2026/sos-rpi-predict,2026-01-05T05:42:11.039387Z
Providence,86,https://www.warrennolan.com/basketball/2026/sos-rpi-predict,2026-01-05T05:42:11.039387Z
Northern Iowa,87,https://www.warrennolan.com/basketball/2026/sos-rpi-predict,2026-01-05T05:42:11.039387Z
Nevada,88,https://www.warrennolan.com/basketball/2026/sos-rpi-predict,2026-01-05T05:42:11.039387Z
Georgetown,89,https://www.warrennolan.com/basketball/2026/sos-rpi-predict,2026-01-05T05:42:11.039387Z
Air Force,90,https://www.warrennolan.com/basketball/2026/sos-rpi-predict,2026-01-05T05:42:11.039387Z
Penn State,91,https://www.warrennolan.com/basketball/2026/sos-rpi-predict,2026-01-05T05:42:11.039387Z
George Mason,92,https://www.warrennolan.com/basketball/2026/sos-rpi-predict,2026-01-05T05:42:11.039387Z
LSU,93,https://www.warrennolan.com/basketball/2026/sos-rpi-predict,2026-01-05T05:42:11.039387Z
Middle Tennessee,94,https://www.warrennolan.com/basketball/2026/sos-rpi-predict,2026-01-05T05:42:11.039387Z
Minnesota,95,https://www.warrennolan.com/basketball/2026/sos-rpi-predict,2026-01-05T05:42:11.039387Z
Tulane,96,https://www.warrennolan.com/basketball/2026/sos-rpi-predict,2026-01-05T05:42:11.039387Z
Gonzaga,97,https://www.warrennolan.com/basketball/2026/sos-rpi-predict,2026-01-05T05:42:11.039387Z
Washington State,98,https://www.warrennolan.com/basketball/2026/sos-rpi-predict,2026-01-05T05:42:11.039387Z
UTEP,99,https://www.warrennolan.com/basketball/2026/sos-rpi-predict,2026-01-05T05:42:11.039387Z
Southern Illinois,100,https://www.warrennolan.com/basketball/2026/sos-rpi-predict,2026-01-05T05:42:11.039387Z
Butler,101,https://www.warrennolan.com/basketball/2026/sos-rpi-predict,2026-01-05T05:42:11.039387Z
Princeton,102,https://www.warrennolan.com/basketball/2026/sos-rpi-predict,2026-01-05T05:42:11.039387Z
Texas A&M,103,https://www.warrennolan.com/basketball/2026/sos-rpi-predict,2026-01-05T05:42:11.039387Z
West Virginia,104,https://www.warrennolan.com/basketball/2026/sos-rpi-predict,2026-01-05T05:42:11.039387Z
Towson,105,https://www.warrennolan.com/basketball/2026/sos-rpi-predict,2026-01-05T05:42:11.039387Z
San Jose State,106,https://www.warrennolan.com/basketball/2026/sos-rpi-predict,2026-01-05T05:42:11.039387Z
Oakland,107,https://www.warrennolan.com/basketball/2026/sos-rpi-predict,2026-01-05T05:42:11.039387Z
South Carolina,108,https://www.warrennolan.com/basketball/2026/sos-rpi-predict,2026-01-05T05:42:11.039387Z
Cornell,109,https://www.warrennolan.com/basketball/2026/sos-rpi-predict,2026-01-05T05:42:11.039387Z
Georgia,110,https://www.warrennolan.com/basketball/2026/sos-rpi-predict,2026-01-05T05:42:11.039387Z
Bradley,111,https://www.warrennolan.com/basketball/2026/sos-rpi-predict,2026-01-05T05:42:11.039387Z
Akron,112,https://www.warrennolan.com/basketball/2026/sos-rpi-predict,2026-01-05T05:42:11.039387Z
East Carolina,113,https://www.warrennolan.com/basketball/2026/sos-rpi-predict,2026-01-05T05:42:11.039387Z
Oklahoma,114,https://www.warrennolan.com/basketball/2026/sos-rpi-predict,2026-01-05T05:42:11.039387Z
Rhode Island,115,https://www.warrennolan.com/basketball/2026/sos-rpi-predict,2026-01-05T05:42:11.039387Z
Fresno State,116,https://www.warrennolan.com/basketball/2026/sos-rpi-predict,2026-01-05T05:42:11.039387Z
UAB,117,https://www.warrennolan.com/basketball/2026/sos-rpi-predict,2026-01-05T05:42:11.039387Z
California,118,https://www.warrennolan.com/basketball/2026/sos-rpi-predict,2026-01-05T05:42:11.039387Z
Wichita State,119,https://www.warrennolan.com/basketball/2026/sos-rpi-predict,2026-01-05T05:42:11.039387Z
Drake,120,https://www.warrennolan.com/basketball/2026/sos-rpi-predict,2026-01-05T05:42:11.039387Z
Loyola-Chicago,121,https://www.warrennolan.com/basketball/2026/sos-rpi-predict,2026-01-05T05:42:11.039387Z
Saint Louis,122,https://www.warrennolan.com/basketball/2026/sos-rpi-predict,2026-01-05T05:42:11.039387Z
Kent State,123,https://www.warrennolan.com/basketball/2026/sos-rpi-predict,2026-01-05T05:42:11.039387Z
Murray State,124,https://www.warrennolan.com/basketball/2026/sos-rpi-predict,2026-01-05T05:42:11.039387Z
FIU,125,https://www.warrennolan.com/basketball/2026/sos-rpi-predict,2026-01-05T05:42:11.039387Z
Wyoming,126,https://www.warrennolan.com/basketball/2026/sos-rpi-predict,2026-01-05T05:42:11.039387Z
Utah Valley,127,https://www.warrennolan.com/basketball/2026/sos-rpi-predict,2026-01-05T05:42:11.039387Z
Colorado State,128,https://www.warrennolan.com/basketball/2026/sos-rpi-predict,2026-01-05T05:42:11.039387Z
New Mexico State,129,https://www.warrennolan.com/basketball/2026/sos-rpi-predict,2026-01-05T05:42:11.039387Z
Portland,130,https://www.warrennolan.com/basketball/2026/sos-rpi-predict,2026-01-05T05:42:11.039387Z
Yale,131,https://www.warrennolan.com/basketball/2026/sos-rpi-predict,2026-01-05T05:42:11.039387Z
Belmont,132,https://www.warrennolan.com/basketball/2026/sos-rpi-predict,2026-01-05T05:42:11.039387Z
UTSA,133,https://www.warrennolan.com/basketball/2026/sos-rpi-predict,2026-01-05T05:42:11.039387Z
Oregon State,134,https://www.warrennolan.com/basketball/2026/sos-rpi-predict,2026-01-05T05:42:11.039387Z
Charleston,135,https://www.warrennolan.com/basketball/2026/sos-rpi-predict,2026-01-05T05:42:11.039387Z
Bowling Green,136,https://www.warrennolan.com/basketball/2026/sos-rpi-predict,2026-01-05T05:42:11.039387Z
UNC Asheville,137,https://www.warrennolan.com/basketball/2026/sos-rpi-predict,2026-01-05T05:42:11.039387Z
Abilene Christian,138,https://www.warrennolan.com/basketball/2026/sos-rpi-predict,2026-01-05T05:42:11.039387Z
Western Kentucky,139,https://www.warrennolan.com/basketball/2026/sos-rpi-predict,2026-01-05T05:42:11.039387Z
Utah Tech,140,https://www.warrennolan.com/basketball/2026/sos-rpi-predict,2026-01-05T05:42:11.039387Z
UC Irvine,141,https://www.warrennolan.com/basketball/2026/sos-rpi-predict,2026-01-05T05:42:11.039387Z
Miami (FL),142,https://www.warrennolan.com/basketball/2026/sos-rpi-predict,2026-01-05T05:42:11.039387Z
Liberty,143,https://www.warrennolan.com/basketball/2026/sos-rpi-predict,2026-01-05T05:42:11.039387Z
Hofstra,144,https://www.warrennolan.com/basketball/2026/sos-rpi-predict,2026-01-05T05:42:11.039387Z
DePaul,145,https://www.warrennolan.com/basketball/2026/sos-rpi-predict,2026-01-05T05:42:11.039387Z
Marshall,146,https://www.warrennolan.com/basketball/2026/sos-rpi-predict,2026-01-05T05:42:11.039387Z
Richmond,147,https://www.warrennolan.com/basketball/2026/sos-rpi-predict,2026-01-05T05:42:11.039387Z
Fordham,148,https://www.warrennolan.com/basketball/2026/sos-rpi-predict,2026-01-05T05:42:11.039387Z
Elon,149,https://www.warrennolan.com/basketball/2026/sos-rpi-predict,2026-01-05T05:42:11.039387Z
Northeastern,150,https://www.warrennolan.com/basketball/2026/sos-rpi-predict,2026-01-05T05:42:11.039387Z
Illinois State,151,https://www.warrennolan.com/basketball/2026/sos-rpi-predict,2026-01-05T05:42:11.039387Z
Davidson,152,https://www.warrennolan.com/basketball/2026/sos-rpi-predict,2026-01-05T05:42:11.039387Z
Sam Houston State,153,https://www.warrennolan.com/basketball/2026/sos-rpi-predict,2026-01-05T05:42:11.039387Z
Loyola-Marymount,154,https://www.warrennolan.com/basketball/2026/sos-rpi-predict,2026-01-05T05:42:11.039387Z
Cal Poly,155,https://www.warrennolan.com/basketball/2026/sos-rpi-predict,2026-01-05T05:42:11.039387Z
Grand Canyon,156,https://www.warrennolan.com/basketball/2026/sos-rpi-predict,2026-01-05T05:42:11.039387Z
Old Dominion,157,https://www.warrennolan.com/basketball/2026/sos-rpi-predict,2026-01-05T05:42:11.039387Z
Eastern Kentucky,158,https://www.warrennolan.com/basketball/2026/sos-rpi-predict,2026-01-05T05:42:11.039387Z
James Madison,159,https://www.warrennolan.com/basketball/2026/sos-rpi-predict,2026-01-05T05:42:11.039387Z
Southern Utah,160,https://www.warrennolan.com/basketball/2026/sos-rpi-predict,2026-01-05T05:42:11.039387Z
UIC,161,https://www.warrennolan.com/basketball/2026/sos-rpi-predict,2026-01-05T05:42:11.039387Z
Indiana State,162,https://www.warrennolan.com/basketball/2026/sos-rpi-predict,2026-01-05T05:42:11.039387Z
UC Riverside,163,https://www.warrennolan.com/basketball/2026/sos-rpi-predict,2026-01-05T05:42:11.039387Z
Gardner-Webb,164,https://www.warrennolan.com/basketball/2026/sos-rpi-predict,2026-01-05T05:42:11.039387Z
Western Michigan,165,https://www.warrennolan.com/basketball/2026/sos-rpi-predict,2026-01-05T05:42:11.039387Z
San Diego,166,https://www.warrennolan.com/basketball/2026/sos-rpi-predict,2026-01-05T05:42:11.039387Z
Pepperdine,167,https://www.warrennolan.com/basketball/2026/sos-rpi-predict,2026-01-05T05:42:11.039387Z
Campbell,168,https://www.warrennolan.com/basketball/2026/sos-rpi-predict,2026-01-05T05:42:11.039387Z
Troy,169,https://www.warrennolan.com/basketball/2026/sos-rpi-predict,2026-01-05T05:42:11.039387Z
UMass,170,https://www.warrennolan.com/basketball/2026/sos-rpi-predict,2026-01-05T05:42:11.039387Z
Northern Illinois,171,https://www.warrennolan.com/basketball/2026/sos-rpi-predict,2026-01-05T05:42:11.039387Z
Valparaiso,172,https://www.warrennolan.com/basketball/2026/sos-rpi-predict,2026-01-05T05:42:11.039387Z
Penn,173,https://www.warrennolan.com/basketball/2026/sos-rpi-predict,2026-01-05T05:42:11.039387Z
William & Mary,174,https://www.warrennolan.com/basketball/2026/sos-rpi-predict,2026-01-05T05:42:11.039387Z
Dartmouth,175,https://www.warrennolan.com/basketball/2026/sos-rpi-predict,2026-01-05T05:42:11.039387Z
Delaware,176,https://www.warrennolan.com/basketball/2026/sos-rpi-predict,2026-01-05T05:42:11.039387Z
Central Michigan,177,https://www.warrennolan.com/basketball/2026/sos-rpi-predict,2026-01-05T05:42:11.039387Z
Green Bay,178,https://www.warrennolan.com/basketball/2026/sos-rpi-predict,2026-01-05T05:42:11.039387Z
North Texas,179,https://www.warrennolan.com/basketball/2026/sos-rpi-predict,2026-01-05T05:42:11.039387Z
Jacksonville State,180,https://www.warrennolan.com/basketball/2026/sos-rpi-predict,2026-01-05T05:42:11.039387Z
Saint Joseph's,181,https://www.warrennolan.com/basketball/2026/sos-rpi-predict,2026-01-05T05:42:11.039387Z
Merrimack,182,https://www.warrennolan.com/basketball/2026/sos-rpi-predict,2026-01-05T05:42:11.039387Z
Eastern Michigan,183,https://www.warrennolan.com/basketball/2026/sos-rpi-predict,2026-01-05T05:42:11.039387Z
Arkansas State,184,https://www.warrennolan.com/basketball/2026/sos-rpi-predict,2026-01-05T05:42:11.039387Z
Rice,185,https://www.warrennolan.com/basketball/2026/sos-rpi-predict,2026-01-05T05:42:11.039387Z
Louisiana,186,https://www.warrennolan.com/basketball/2026/sos-rpi-predict,2026-01-05T05:42:11.039387Z
Rider,187,https://www.warrennolan.com/basketball/2026/sos-rpi-predict,2026-01-05T05:42:11.039387Z
Winthrop,188,https://www.warrennolan.com/basketball/2026/sos-rpi-predict,2026-01-05T05:42:11.039387Z
Missouri State,189,https://www.warrennolan.com/basketball/2026/sos-rpi-predict,2026-01-05T05:42:11.039387Z
Buffalo,190,https://www.warrennolan.com/basketball/2026/sos-rpi-predict,2026-01-05T05:42:11.039387Z
Cal State Fullerton,191,https://www.warrennolan.com/basketball/2026/sos-rpi-predict,2026-01-05T05:42:11.039387Z
UTA,192,https://www.warrennolan.com/basketball/2026/sos-rpi-predict,2026-01-05T05:42:11.039387Z
Tulsa,193,https://www.warrennolan.com/basketball/2026/sos-rpi-predict,2026-01-05T05:42:11.039387Z
Milwaukee,194,https://www.warrennolan.com/basketball/2026/sos-rpi-predict,2026-01-05T05:42:11.039387Z
Seattle University,195,https://www.warrennolan.com/basketball/2026/sos-rpi-predict,2026-01-05T05:42:11.039387Z
Charlotte,196,https://www.warrennolan.com/basketball/2026/sos-rpi-predict,2026-01-05T05:42:11.039387Z
Tarleton State,197,https://www.warrennolan.com/basketball/2026/sos-rpi-predict,2026-01-05T05:42:11.039387Z
Quinnipiac,198,https://www.warrennolan.com/basketball/2026/sos-rpi-predict,2026-01-05T05:42:11.039387Z
Louisiana Tech,199,https://www.warrennolan.com/basketball/2026/sos-rpi-predict,2026-01-05T05:42:11.039387Z
Harvard,200,https://www.warrennolan.com/basketball/2026/sos-rpi-predict,2026-01-05T05:42:11.039387Z
Stony Brook,201,https://www.warrennolan.com/basketball/2026/sos-rpi-predict,2026-01-05T05:42:11.039387Z
Western Carolina,202,https://www.warrennolan.com/basketball/2026/sos-rpi-predict,2026-01-05T05:42:11.039387Z
McNeese,203,https://www.warrennolan.com/basketball/2026/sos-rpi-predict,2026-01-05T05:42:11.039387Z
Hampton,204,https://www.warrennolan.com/basketball/2026/sos-rpi-predict,2026-01-05T05:42:11.039387Z
Furman,205,https://www.warrennolan.com/basketball/2026/sos-rpi-predict,2026-01-05T05:42:11.039387Z
UC San Diego,206,https://www.warrennolan.com/basketball/2026/sos-rpi-predict,2026-01-05T05:42:11.039387Z
North Florida,207,https://www.warrennolan.com/basketball/2026/sos-rpi-predict,2026-01-05T05:42:11.039387Z
New Orleans,208,https://www.warrennolan.com/basketball/2026/sos-rpi-predict,2026-01-05T05:42:11.039387Z
Siena,209,https://www.warrennolan.com/basketball/2026/sos-rpi-predict,2026-01-05T05:42:11.039387Z
Pacific,210,https://www.warrennolan.com/basketball/2026/sos-rpi-predict,2026-01-05T05:42:11.039387Z
Mercer,211,https://www.warrennolan.com/basketball/2026/sos-rpi-predict,2026-01-05T05:42:11.039387Z
Texas A&M-Corpus Christi,212,https://www.warrennolan.com/basketball/2026/sos-rpi-predict,2026-01-05T05:42:11.039387Z
Wright State,213,https://www.warrennolan.com/basketball/2026/sos-rpi-predict,2026-01-05T05:42:11.039387Z
Saint Peter's,214,https://www.warrennolan.com/basketball/2026/sos-rpi-predict,2026-01-05T05:42:11.039387Z
Kennesaw State,215,https://www.warrennolan.com/basketball/2026/sos-rpi-predict,2026-01-05T05:42:11.039387Z
Cal State Northridge,216,https://www.warrennolan.com/basketball/2026/sos-rpi-predict,2026-01-05T05:42:11.039387Z
Samford,217,https://www.warrennolan.com/basketball/2026/sos-rpi-predict,2026-01-05T05:42:11.039387Z
Long Beach State,218,https://www.warrennolan.com/basketball/2026/sos-rpi-predict,2026-01-05T05:42:11.039387Z
UC Davis,219,https://www.warrennolan.com/basketball/2026/sos-rpi-predict,2026-01-05T05:42:11.039387Z
Georgia State,220,https://www.warrennolan.com/basketball/2026/sos-rpi-predict,2026-01-05T05:42:11.039387Z
Cleveland State,221,https://www.warrennolan.com/basketball/2026/sos-rpi-predict,2026-01-05T05:42:11.039387Z
South Dakota State,222,https://www.warrennolan.com/basketball/2026/sos-rpi-predict,2026-01-05T05:42:11.039387Z
Miami (OH),223,https://www.warrennolan.com/basketball/2026/sos-rpi-predict,2026-01-05T05:42:11.039387Z
Northwestern State,224,https://www.warrennolan.com/basketball/2026/sos-rpi-predict,2026-01-05T05:42:11.039387Z
UNCW,225,https://www.warrennolan.com/basketball/2026/sos-rpi-predict,2026-01-05T05:42:11.039387Z
Omaha,226,https://www.warrennolan.com/basketball/2026/sos-rpi-predict,2026-01-05T05:42:11.039387Z
Eastern Washington,227,https://www.warrennolan.com/basketball/2026/sos-rpi-predict,2026-01-05T05:42:11.039387Z
Chattanooga,228,https://www.warrennolan.com/basketball/2026/sos-rpi-predict,2026-01-05T05:42:11.039387Z
Montana,229,https://www.warrennolan.com/basketball/2026/sos-rpi-predict,2026-01-05T05:42:11.039387Z
Brown,230,https://www.warrennolan.com/basketball/2026/sos-rpi-predict,2026-01-05T05:42:11.039387Z
Canisius,231,https://www.warrennolan.com/basketball/2026/sos-rpi-predict,2026-01-05T05:42:11.039387Z
Columbia,232,https://www.warrennolan.com/basketball/2026/sos-rpi-predict,2026-01-05T05:42:11.039387Z
Nicholls,233,https://www.warrennolan.com/basketball/2026/sos-rpi-predict,2026-01-05T05:42:11.039387Z
East Texas A&M,234,https://www.warrennolan.com/basketball/2026/sos-rpi-predict,2026-01-05T05:42:11.039387Z
North Carolina A&T,235,https://www.warrennolan.com/basketball/2026/sos-rpi-predict,2026-01-05T05:42:11.039387Z
UTRGV,236,https://www.warrennolan.com/basketball/2026/sos-rpi-predict,2026-01-05T05:42:11.039387Z
Temple,237,https://www.warrennolan.com/basketball/2026/sos-rpi-predict,2026-01-05T05:42:11.039387Z
Southern Miss,238,https://www.warrennolan.com/basketball/2026/sos-rpi-predict,2026-01-05T05:42:11.039387Z
California Baptist,239,https://www.warrennolan.com/basketball/2026/sos-rpi-predict,2026-01-05T05:42:11.039387Z
Eastern Illinois,240,https://www.warrennolan.com/basketball/2026/sos-rpi-predict,2026-01-05T05:42:11.039387Z
UC Santa Barbara,241,https://www.warrennolan.com/basketball/2026/sos-rpi-predict,2026-01-05T05:42:11.039387Z
Sacramento State,242,https://www.warrennolan.com/basketball/2026/sos-rpi-predict,2026-01-05T05:42:11.039387Z
Oral Roberts,243,https://www.warrennolan.com/basketball/2026/sos-rpi-predict,2026-01-05T05:42:11.039387Z
Monmouth,244,https://www.warrennolan.com/basketball/2026/sos-rpi-predict,2026-01-05T05:42:11.039387Z
Sacred Heart,245,https://www.warrennolan.com/basketball/2026/sos-rpi-predict,2026-01-05T05:42:11.039387Z
Lipscomb,246,https://www.warrennolan.com/basketball/2026/sos-rpi-predict,2026-01-05T05:42:11.039387Z
South Carolina Upstate,247,https://www.warrennolan.com/basketball/2026/sos-rpi-predict,2026-01-05T05:42:11.039387Z
Southeast Missouri,248,https://www.warrennolan.com/basketball/2026/sos-rpi-predict,2026-01-05T05:42:11.039387Z
UNCG,249,https://www.warrennolan.com/basketball/2026/sos-rpi-predict,2026-01-05T05:42:11.039387Z
Ball State,250,https://www.warrennolan.com/basketball/2026/sos-rpi-predict,2026-01-05T05:42:11.039387Z
Bellarmine,251,https://www.warrennolan.com/basketball/2026/sos-rpi-predict,2026-01-05T05:42:11.039387Z
FGCU,252,https://www.warrennolan.com/basketball/2026/sos-rpi-predict,2026-01-05T05:42:11.039387Z
Northern Arizona,253,https://www.warrennolan.com/basketball/2026/sos-rpi-predict,2026-01-05T05:42:11.039387Z
North Dakota,254,https://www.warrennolan.com/basketball/2026/sos-rpi-predict,2026-01-05T05:42:11.039387Z
Incarnate Word,255,https://www.warrennolan.com/basketball/2026/sos-rpi-predict,2026-01-05T05:42:11.039387Z
Denver,256,https://www.warrennolan.com/basketball/2026/sos-rpi-predict,2026-01-05T05:42:11.039387Z
East Tennessee State,257,https://www.warrennolan.com/basketball/2026/sos-rpi-predict,2026-01-05T05:42:11.039387Z
Bucknell,258,https://www.warrennolan.com/basketball/2026/sos-rpi-predict,2026-01-05T05:42:11.039387Z
Texas State,259,https://www.warrennolan.com/basketball/2026/sos-rpi-predict,2026-01-05T05:42:11.039387Z
Iona,260,https://www.warrennolan.com/basketball/2026/sos-rpi-predict,2026-01-05T05:42:11.039387Z
Colgate,261,https://www.warrennolan.com/basketball/2026/sos-rpi-predict,2026-01-05T05:42:11.039387Z
Central Arkansas,262,https://www.warrennolan.com/basketball/2026/sos-rpi-predict,2026-01-05T05:42:11.039387Z
Montana State,263,https://www.warrennolan.com/basketball/2026/sos-rpi-predict,2026-01-05T05:42:11.039387Z
Bethune-Cookman,264,https://www.warrennolan.com/basketball/2026/sos-rpi-predict,2026-01-05T05:42:11.039387Z
Marist,265,https://www.warrennolan.com/basketball/2026/sos-rpi-predict,2026-01-05T05:42:11.039387Z
Drexel,266,https://www.warrennolan.com/basketball/2026/sos-rpi-predict,2026-01-05T05:42:11.039387Z
Manhattan,267,https://www.warrennolan.com/basketball/2026/sos-rpi-predict,2026-01-05T05:42:11.039387Z
Niagara,268,https://www.warrennolan.com/basketball/2026/sos-rpi-predict,2026-01-05T05:42:11.039387Z
Queens,269,https://www.warrennolan.com/basketball/2026/sos-rpi-predict,2026-01-05T05:42:11.039387Z
IU Indianapolis,270,https://www.warrennolan.com/basketball/2026/sos-rpi-predict,2026-01-05T05:42:11.039387Z
Southeastern Louisiana,271,https://www.warrennolan.com/basketball/2026/sos-rpi-predict,2026-01-05T05:42:11.039387Z
Idaho State,272,https://www.warrennolan.com/basketball/2026/sos-rpi-predict,2026-01-05T05:42:11.039387Z
Purdue Fort Wayne,273,https://www.warrennolan.com/basketball/2026/sos-rpi-predict,2026-01-05T05:42:11.039387Z
South Alabama,274,https://www.warrennolan.com/basketball/2026/sos-rpi-predict,2026-01-05T05:42:11.039387Z
Appalachian State,275,https://www.warrennolan.com/basketball/2026/sos-rpi-predict,2026-01-05T05:42:11.039387Z
ULM,276,https://www.warrennolan.com/basketball/2026/sos-rpi-predict,2026-01-05T05:42:11.039387Z
Weber State,277,https://www.warrennolan.com/basketball/2026/sos-rpi-predict,2026-01-05T05:42:11.039387Z
Houston Christian,278,https://www.warrennolan.com/basketball/2026/sos-rpi-predict,2026-01-05T05:42:11.039387Z
Youngstown State,279,https://www.warrennolan.com/basketball/2026/sos-rpi-predict,2026-01-05T05:42:11.039387Z
Cal State Bakersfield,280,https://www.warrennolan.com/basketball/2026/sos-rpi-predict,2026-01-05T05:42:11.039387Z
Northern Kentucky,281,https://www.warrennolan.com/basketball/2026/sos-rpi-predict,2026-01-05T05:42:11.039387Z
Coastal Carolina,282,https://www.warrennolan.com/basketball/2026/sos-rpi-predict,2026-01-05T05:42:11.039387Z
North Dakota State,283,https://www.warrennolan.com/basketball/2026/sos-rpi-predict,2026-01-05T05:42:11.039387Z
Portland State,284,https://www.warrennolan.com/basketball/2026/sos-rpi-predict,2026-01-05T05:42:11.039387Z
Detroit,285,https://www.warrennolan.com/basketball/2026/sos-rpi-predict,2026-01-05T05:42:11.039387Z
Wofford,286,https://www.warrennolan.com/basketball/2026/sos-rpi-predict,2026-01-05T05:42:11.039387Z
Fairfield,287,https://www.warrennolan.com/basketball/2026/sos-rpi-predict,2026-01-05T05:42:11.039387Z
North Alabama,288,https://www.warrennolan.com/basketball/2026/sos-rpi-predict,2026-01-05T05:42:11.039387Z
Lamar,289,https://www.warrennolan.com/basketball/2026/sos-rpi-predict,2026-01-05T05:42:11.039387Z
Morehead State,290,https://www.warrennolan.com/basketball/2026/sos-rpi-predict,2026-01-05T05:42:11.039387Z
Jacksonville,291,https://www.warrennolan.com/basketball/2026/sos-rpi-predict,2026-01-05T05:42:11.039387Z
American,292,https://www.warrennolan.com/basketball/2026/sos-rpi-predict,2026-01-05T05:42:11.039387Z
UMKC,293,https://www.warrennolan.com/basketball/2026/sos-rpi-predict,2026-01-05T05:42:11.039387Z
Idaho,294,https://www.warrennolan.com/basketball/2026/sos-rpi-predict,2026-01-05T05:42:11.039387Z
Tennessee State,295,https://www.warrennolan.com/basketball/2026/sos-rpi-predict,2026-01-05T05:42:11.039387Z
Army,296,https://www.warrennolan.com/basketball/2026/sos-rpi-predict,2026-01-05T05:42:11.039387Z
Radford,297,https://www.warrennolan.com/basketball/2026/sos-rpi-predict,2026-01-05T05:42:11.039387Z
UMass-Lowell,298,https://www.warrennolan.com/basketball/2026/sos-rpi-predict,2026-01-05T05:42:11.039387Z
Lindenwood,299,https://www.warrennolan.com/basketball/2026/sos-rpi-predict,2026-01-05T05:42:11.039387Z
Little Rock,300,https://www.warrennolan.com/basketball/2026/sos-rpi-predict,2026-01-05T05:42:11.039387Z
Hawaii,301,https://www.warrennolan.com/basketball/2026/sos-rpi-predict,2026-01-05T05:42:11.039387Z
Stetson,302,https://www.warrennolan.com/basketball/2026/sos-rpi-predict,2026-01-05T05:42:11.039387Z
Tennessee Tech,303,https://www.warrennolan.com/basketball/2026/sos-rpi-predict,2026-01-05T05:42:11.039387Z
Robert Morris,304,https://www.warrennolan.com/basketball/2026/sos-rpi-predict,2026-01-05T05:42:11.039387Z
Western Illinois,305,https://www.warrennolan.com/basketball/2026/sos-rpi-predict,2026-01-05T05:42:11.039387Z
VMI,306,https://www.warrennolan.com/basketball/2026/sos-rpi-predict,2026-01-05T05:42:11.039387Z
Lehigh,307,https://www.warrennolan.com/basketball/2026/sos-rpi-predict,2026-01-05T05:42:11.039387Z
Mount Saint Mary's,308,https://www.warrennolan.com/basketball/2026/sos-rpi-predict,2026-01-05T05:42:11.039387Z
Saint Thomas,309,https://www.warrennolan.com/basketball/2026/sos-rpi-predict,2026-01-05T05:42:11.039387Z
Saint Francis (PA),310,https://www.warrennolan.com/basketball/2026/sos-rpi-predict,2026-01-05T05:42:11.039387Z
Chicago State,311,https://www.warrennolan.com/basketball/2026/sos-rpi-predict,2026-01-05T05:42:11.039387Z
Bryant,312,https://www.warrennolan.com/basketball/2026/sos-rpi-predict,2026-01-05T05:42:11.039387Z
Georgia Southern,313,https://www.warrennolan.com/basketball/2026/sos-rpi-predict,2026-01-05T05:42:11.039387Z
Albany,314,https://www.warrennolan.com/basketball/2026/sos-rpi-predict,2026-01-05T05:42:11.039387Z
Maine,315,https://www.warrennolan.com/basketball/2026/sos-rpi-predict,2026-01-05T05:42:11.039387Z
High Point,316,https://www.warrennolan.com/basketball/2026/sos-rpi-predict,2026-01-05T05:42:11.039387Z
West Georgia,317,https://www.warrennolan.com/basketball/2026/sos-rpi-predict,2026-01-05T05:42:11.039387Z
Presbyterian College,318,https://www.warrennolan.com/basketball/2026/sos-rpi-predict,2026-01-05T05:42:11.039387Z
New Hampshire,319,https://www.warrennolan.com/basketball/2026/sos-rpi-predict,2026-01-05T05:42:11.039387Z
Longwood,320,https://www.warrennolan.com/basketball/2026/sos-rpi-predict,2026-01-05T05:42:11.039387Z
The Citadel,321,https://www.warrennolan.com/basketball/2026/sos-rpi-predict,2026-01-05T05:42:11.039387Z
Vermont,322,https://www.warrennolan.com/basketball/2026/sos-rpi-predict,2026-01-05T05:42:11.039387Z
Stephen F. Austin,323,https://www.warrennolan.com/basketball/2026/sos-rpi-predict,2026-01-05T05:42:11.039387Z
Northern Colorado,324,https://www.warrennolan.com/basketball/2026/sos-rpi-predict,2026-01-05T05:42:11.039387Z
Florida A&M,325,https://www.warrennolan.com/basketball/2026/sos-rpi-predict,2026-01-05T05:42:11.039387Z
Grambling State,326,https://www.warrennolan.com/basketball/2026/sos-rpi-predict,2026-01-05T05:42:11.039387Z
Jackson State,327,https://www.warrennolan.com/basketball/2026/sos-rpi-predict,2026-01-05T05:42:11.039387Z
Arkansas-Pine Bluff,328,https://www.warrennolan.com/basketball/2026/sos-rpi-predict,2026-01-05T05:42:11.039387Z
Austin Peay,329,https://www.warrennolan.com/basketball/2026/sos-rpi-predict,2026-01-05T05:42:11.039387Z
Southern,330,https://www.warrennolan.com/basketball/2026/sos-rpi-predict,2026-01-05T05:42:11.039387Z
Charleston Southern,331,https://www.warrennolan.com/basketball/2026/sos-rpi-predict,2026-01-05T05:42:11.039387Z
Holy Cross,332,https://www.warrennolan.com/basketball/2026/sos-rpi-predict,2026-01-05T05:42:11.039387Z
Texas Southern,333,https://www.warrennolan.com/basketball/2026/sos-rpi-predict,2026-01-05T05:42:11.039387Z
Tennessee-Martin,334,https://www.warrennolan.com/basketball/2026/sos-rpi-predict,2026-01-05T05:42:11.039387Z
Loyola-Maryland,335,https://www.warrennolan.com/basketball/2026/sos-rpi-predict,2026-01-05T05:42:11.039387Z
Alabama A&M,336,https://www.warrennolan.com/basketball/2026/sos-rpi-predict,2026-01-05T05:42:11.039387Z
North Carolina Central,337,https://www.warrennolan.com/basketball/2026/sos-rpi-predict,2026-01-05T05:42:11.039387Z
Boston University,338,https://www.warrennolan.com/basketball/2026/sos-rpi-predict,2026-01-05T05:42:11.039387Z
South Dakota,339,https://www.warrennolan.com/basketball/2026/sos-rpi-predict,2026-01-05T05:42:11.039387Z
New Haven,340,https://www.warrennolan.com/basketball/2026/sos-rpi-predict,2026-01-05T05:42:11.039387Z
Alabama State,341,https://www.warrennolan.com/basketball/2026/sos-rpi-predict,2026-01-05T05:42:11.039387Z
Southern Indiana,342,https://www.warrennolan.com/basketball/2026/sos-rpi-predict,2026-01-05T05:42:11.039387Z
Lafayette,343,https://www.warrennolan.com/basketball/2026/sos-rpi-predict,2026-01-05T05:42:11.039387Z
Stonehill,344,https://www.warrennolan.com/basketball/2026/sos-rpi-predict,2026-01-05T05:42:11.039387Z
Navy,345,https://www.warrennolan.com/basketball/2026/sos-rpi-predict,2026-01-05T05:42:11.039387Z
SIUE,346,https://www.warrennolan.com/basketball/2026/sos-rpi-predict,2026-01-05T05:42:11.039387Z
Alcorn State,347,https://www.warrennolan.com/basketball/2026/sos-rpi-predict,2026-01-05T05:42:11.039387Z
Norfolk State,348,https://www.warrennolan.com/basketball/2026/sos-rpi-predict,2026-01-05T05:42:11.039387Z
South Carolina State,349,https://www.warrennolan.com/basketball/2026/sos-rpi-predict,2026-01-05T05:42:11.039387Z
Maryland Eastern Shore,350,https://www.warrennolan.com/basketball/2026/sos-rpi-predict,2026-01-05T05:42:11.039387Z
Prairie View A&M,351,https://www.warrennolan.com/basketball/2026/sos-rpi-predict,2026-01-05T05:42:11.039387Z
Long Island,352,https://www.warrennolan.com/basketball/2026/sos-rpi-predict,2026-01-05T05:42:11.039387Z
NJIT,353,https://www.warrennolan.com/basketball/2026/sos-rpi-predict,2026-01-05T05:42:11.039387Z
Wagner,354,https://www.warrennolan.com/basketball/2026/sos-rpi-predict,2026-01-05T05:42:11.039387Z
Mississippi Valley State,355,https://www.warrennolan.com/basketball/2026/sos-rpi-predict,2026-01-05T05:42:11.039387Z
Fairleigh Dickinson,356,https://www.warrennolan.com/basketball/2026/sos-rpi-predict,2026-01-05T05:42:11.039387Z
Coppin State,357,https://www.warrennolan.com/basketball/2026/sos-rpi-predict,2026-01-05T05:42:11.039387Z
Mercyhurst,358,https://www.warrennolan.com/basketball/2026/sos-rpi-predict,2026-01-05T05:42:11.039387Z
Central Connecticut,359,https://www.warrennolan.com/basketball/2026/sos-rpi-predict,2026-01-05T05:42:11.039387Z
Le Moyne,360,https://www.warrennolan.com/basketball/2026/sos-rpi-predict,2026-01-05T05:42:11.039387Z
UMBC,361,https://www.warrennolan.com/basketball/2026/sos-rpi-predict,2026-01-05T05:42:11.039387Z
Howard,362,https://www.warrennolan.com/basketball/2026/sos-rpi-predict,2026-01-05T05:42:11.039387Z
Binghamton,363,https://www.warrennolan.com/basketball/2026/sos-rpi-predict,2026-01-05T05:42:11.039387Z
Delaware State,364,https://www.warrennolan.com/basketball/2026/sos-rpi-predict,2026-01-05T05:42:11.039387Z
Morgan State,365,https://www.warrennolan.com/basketball/2026/sos-rpi-predict,2026-01-05T05:42:11.039387Z
